pclass,age,fare,family_size,is_alone,has_cabin,sex_male,embarked_q,embarked_s,title_miss,title_mr,title_mrs,title_officer,title_royalty,passenger_id,feature_timestamp,survived
0.8273772438659699,-0.5348911628688886,-0.5024451714361923,0.059159876663617626,-1.2316448970959013,-0.5449249778098341,0.7376951317802901,-0.3075623426146228,0.6158384251930635,-0.5066552840628717,0.8505317485662419,-0.41331326869757246,-0.14359163172354764,-0.06715342778730747,1,2025-11-21T14:08:22.907472,0
-1.5661069258891576,0.6683917564561223,0.7868452935884461,0.059159876663617626,-1.2316448970959013,1.8351149988007642,-1.3555735383351195,-0.3075623426146228,-1.6238025415294657,-0.5066552840628717,-1.175735064194511,2.4194722882988664,-0.14359163172354764,-0.06715342778730747,2,2025-11-21T14:08:22.907472,1
0.8273772438659699,-0.23407043303763592,-0.4888542575852486,-0.5609748304808925,0.8119223343984152,-0.5449249778098341,-1.3555735383351195,-0.3075623426146228,0.6158384251930635,1.9737285516515173,-1.175735064194511,-0.41331326869757246,-0.14359163172354764,-0.06715342778730747,3,2025-11-21T14:08:22.907472,1
-1.5661069258891576,0.4427762090826827,0.4207302360686478,0.059159876663617626,-1.2316448970959013,1.8351149988007642,-1.3555735383351195,-0.3075623426146228,0.6158384251930635,-0.5066552840628717,-1.175735064194511,2.4194722882988664,-0.14359163172354764,-0.06715342778730747,4,2025-11-21T14:08:22.907472,1
0.8273772438659699,0.4427762090826827,-0.4863374216869257,-0.5609748304808925,0.8119223343984152,-0.5449249778098341,0.7376951317802901,-0.3075623426146228,0.6158384251930635,-0.5066552840628717,0.8505317485662419,-0.41331326869757246,-0.14359163172354764,-0.06715342778730747,5,2025-11-21T14:08:22.907472,0
0.8273772438659699,-0.3092756154954491,-0.47811642890864375,-0.5609748304808925,0.8119223343984152,-0.5449249778098341,0.7376951317802901,3.2513733362117265,-1.6238025415294657,-0.5066552840628717,0.8505317485662419,-0.41331326869757246,-0.14359163172354764,-0.06715342778730747,6,2025-11-21T14:08:22.907472,0
-1.5661069258891576,1.8716746757811333,0.395813560675251,-0.5609748304808925,0.8119223343984152,1.8351149988007642,0.7376951317802901,-0.3075623426146228,0.6158384251930635,-0.5066552840628717,0.8505317485662419,-0.41331326869757246,-0.14359163172354764,-0.06715342778730747,7,2025-11-21T14:08:22.907472,0
0.8273772438659699,-2.038994812025152,-0.22408312108167944,1.9195639980971482,-1.2316448970959013,-0.5449249778098341,0.7376951317802901,-0.3075623426146228,0.6158384251930635,-0.5066552840628717,-1.175735064194511,-0.41331326869757246,-0.14359163172354764,-0.06715342778730747,8,2025-11-21T14:08:22.907472,0
0.8273772438659699,-0.15886525057982273,-0.4242561406845337,0.6792945838081278,-1.2316448970959013,-0.5449249778098341,-1.3555735383351195,-0.3075623426146228,0.6158384251930635,-0.5066552840628717,-1.175735064194511,2.4194722882988664,-0.14359163172354764,-0.06715342778730747,9,2025-11-21T14:08:22.907472,1
-0.3693648410115938,-1.136532622531394,-0.04295550208861426,0.059159876663617626,-1.2316448970959013,-0.5449249778098341,-1.3555735383351195,-0.3075623426146228,-1.6238025415294657,-0.5066552840628717,-1.175735064194511,2.4194722882988664,-0.14359163172354764,-0.06715342778730747,10,2025-11-21T14:08:22.907472,1
0.8273772438659699,-1.8885844471095259,-0.312172377522981,0.6792945838081278,-1.2316448970959013,1.8351149988007642,-1.3555735383351195,-0.3075623426146228,0.6158384251930635,1.9737285516515173,-1.175735064194511,-0.41331326869757246,-0.14359163172354764,-0.06715342778730747,11,2025-11-21T14:08:22.907472,1
-1.5661069258891576,2.172495405612386,-0.11384570873513637,-0.5609748304808925,0.8119223343984152,1.8351149988007642,-1.3555735383351195,-0.3075623426146228,0.6158384251930635,1.9737285516515173,-1.175735064194511,-0.41331326869757246,-0.14359163172354764,-0.06715342778730747,12,2025-11-21T14:08:22.907472,1
0.8273772438659699,-0.685301527784515,-0.4863374216869257,-0.5609748304808925,0.8119223343984152,-0.5449249778098341,0.7376951317802901,-0.3075623426146228,0.6158384251930635,-0.5066552840628717,0.8505317485662419,-0.41331326869757246,-0.14359163172354764,-0.06715342778730747,13,2025-11-21T14:08:22.907472,0
0.8273772438659699,0.7435969389139355,-0.01870931177853076,3.1598334123861687,-1.2316448970959013,-0.5449249778098341,0.7376951317802901,-0.3075623426146228,0.6158384251930635,-0.5066552840628717,0.8505317485662419,-0.41331326869757246,-0.14359163172354764,-0.06715342778730747,14,2025-11-21T14:08:22.907472,0
0.8273772438659699,-1.136532622531394,-0.4902797934380587,-0.5609748304808925,0.8119223343984152,-0.5449249778098341,-1.3555735383351195,-0.3075623426146228,0.6158384251930635,1.9737285516515173,-1.175735064194511,-0.41331326869757246,-0.14359163172354764,-0.06715342778730747,15,2025-11-21T14:08:22.907472,0
-0.3693648410115938,1.9468798582389464,-0.3262666585535892,-0.5609748304808925,0.8119223343984152,-0.5449249778098341,-1.3555735383351195,-0.3075623426146228,0.6158384251930635,-0.5066552840628717,-1.175735064194511,2.4194722882988664,-0.14359163172354764,-0.06715342778730747,16,2025-11-21T14:08:22.907472,1
0.8273772438659699,-2.038994812025152,-0.06199888922968463,2.5396987052416584,-1.2316448970959013,-0.5449249778098341,0.7376951317802901,3.2513733362117265,-1.6238025415294657,-0.5066552840628717,-1.175735064194511,-0.41331326869757246,-0.14359163172354764,-0.06715342778730747,17,2025-11-21T14:08:22.907472,0
-0.3693648410115938,0.06675029679361683,-0.3866707201133388,-0.5609748304808925,0.8119223343984152,-0.5449249778098341,0.7376951317802901,-0.3075623426146228,0.6158384251930635,-0.5066552840628717,0.8505317485662419,-0.41331326869757246,-0.14359163172354764,-0.06715342778730747,18,2025-11-21T14:08:22.907472,1
0.8273772438659699,0.14195547925143,-0.2859972841804228,0.059159876663617626,-1.2316448970959013,-0.5449249778098341,-1.3555735383351195,-0.3075623426146228,0.6158384251930635,-0.5066552840628717,-1.175735064194511,2.4194722882988664,-0.14359163172354764,-0.06715342778730747,19,2025-11-21T14:08:22.907472,0
0.8273772438659699,-0.5724937540977952,-0.5029485386158568,-0.5609748304808925,0.8119223343984152,-0.5449249778098341,-1.3555735383351195,-0.3075623426146228,-1.6238025415294657,-0.5066552840628717,-1.175735064194511,2.4194722882988664,-0.14359163172354764,-0.06715342778730747,20,2025-11-21T14:08:22.907472,1
-0.3693648410115938,0.4427762090826827,-0.12491978668775715,-0.5609748304808925,0.8119223343984152,-0.5449249778098341,0.7376951317802901,-0.3075623426146228,0.6158384251930635,-0.5066552840628717,0.8505317485662419,-0.41331326869757246,-0.14359163172354764,-0.06715342778730747,21,2025-11-21T14:08:22.907472,0
-0.3693648410115938,0.36757102662486957,-0.3866707201133388,-0.5609748304808925,0.8119223343984152,1.8351149988007642,0.7376951317802901,-0.3075623426146228,0.6158384251930635,-0.5066552840628717,0.8505317485662419,-0.41331326869757246,-0.14359163172354764,-0.06715342778730747,22,2025-11-21T14:08:22.907472,1
0.8273772438659699,-1.061327440073581,-0.4867562231804066,-0.5609748304808925,0.8119223343984152,-0.5449249778098341,-1.3555735383351195,3.2513733362117265,-1.6238025415294657,1.9737285516515173,-1.175735064194511,-0.41331326869757246,-0.14359163172354764,-0.06715342778730747,23,2025-11-21T14:08:22.907472,1
-1.5661069258891576,-0.08366006812200955,0.06635974158478332,-0.5609748304808925,0.8119223343984152,1.8351149988007642,0.7376951317802901,-0.3075623426146228,0.6158384251930635,-0.5066552840628717,0.8505317485662419,-0.41331326869757246,-0.14359163172354764,-0.06715342778730747,24,2025-11-21T14:08:22.907472,1
0.8273772438659699,-1.5877637172782733,-0.22408312108167944,1.9195639980971482,-1.2316448970959013,-0.5449249778098341,-1.3555735383351195,-0.3075623426146228,0.6158384251930635,1.9737285516515173,-1.175735064194511,-0.41331326869757246,-0.14359163172354764,-0.06715342778730747,25,2025-11-21T14:08:22.907472,0
0.8273772438659699,0.6683917564561223,-0.016444159470040135,3.1598334123861687,-1.2316448970959013,-0.5449249778098341,-1.3555735383351195,-0.3075623426146228,0.6158384251930635,-0.5066552840628717,-1.175735064194511,2.4194722882988664,-0.14359163172354764,-0.06715342778730747,26,2025-11-21T14:08:22.907472,1
0.8273772438659699,-0.3092756154954491,-0.5029485386158568,-0.5609748304808925,0.8119223343984152,-0.5449249778098341,0.7376951317802901,-0.3075623426146228,-1.6238025415294657,-0.5066552840628717,0.8505317485662419,-0.41331326869757246,-0.14359163172354764,-0.06715342778730747,27,2025-11-21T14:08:22.907472,0
-1.5661069258891576,-0.7605067102423282,4.647001076532463,2.5396987052416584,-1.2316448970959013,1.8351149988007642,0.7376951317802901,-0.3075623426146228,0.6158384251930635,-0.5066552840628717,0.8505317485662419,-0.41331326869757246,-0.14359163172354764,-0.06715342778730747,28,2025-11-21T14:08:22.907472,0
0.8273772438659699,-0.5724937540977952,-0.48977642625839407,-0.5609748304808925,0.8119223343984152,-0.5449249778098341,-1.3555735383351195,3.2513733362117265,-1.6238025415294657,1.9737285516515173,-1.175735064194511,-0.41331326869757246,-0.14359163172354764,-0.06715342778730747,29,2025-11-21T14:08:22.907472,1
0.8273772438659699,-0.3092756154954491,-0.4894421904510968,-0.5609748304808925,0.8119223343984152,-0.5449249778098341,0.7376951317802901,-0.3075623426146228,0.6158384251930635,-0.5066552840628717,0.8505317485662419,-0.41331326869757246,-0.14359163172354764,-0.06715342778730747,30,2025-11-21T14:08:22.907472,0
-1.5661069258891576,0.8188021213717487,-0.09027201697708476,-0.5609748304808925,0.8119223343984152,-0.5449249778098341,0.7376951317802901,-0.3075623426146228,-1.6238025415294657,-0.5066552840628717,-1.175735064194511,-0.41331326869757246,-0.14359163172354764,14.891272611835431,31,2025-11-21T14:08:22.907472,0
-1.5661069258891576,0.4427762090826827,2.301728820789,0.059159876663617626,-1.2316448970959013,1.8351149988007642,-1.3555735383351195,-0.3075623426146228,-1.6238025415294657,-0.5066552840628717,-1.175735064194511,2.4194722882988664,-0.14359163172354764,-0.06715342778730747,32,2025-11-21T14:08:22.907472,1
0.8273772438659699,-0.5724937540977952,-0.49237782784290063,-0.5609748304808925,0.8119223343984152,-0.5449249778098341,-1.3555735383351195,3.2513733362117265,-1.6238025415294657,1.9737285516515173,-1.175735064194511,-0.41331326869757246,-0.14359163172354764,-0.06715342778730747,33,2025-11-21T14:08:22.907472,1
-0.3693648410115938,2.7741368652748912,-0.43700743807979686,-0.5609748304808925,0.8119223343984152,-0.5449249778098341,0.7376951317802901,-0.3075623426146228,0.6158384251930635,-0.5066552840628717,0.8505317485662419,-0.41331326869757246,-0.14359163172354764,-0.06715342778730747,34,2025-11-21T14:08:22.907472,0
-1.5661069258891576,-0.08366006812200955,1.0060617003323709,0.059159876663617626,-1.2316448970959013,-0.5449249778098341,0.7376951317802901,-0.3075623426146228,-1.6238025415294657,-0.5066552840628717,0.8505317485662419,-0.41331326869757246,-0.14359163172354764,-0.06715342778730747,35,2025-11-21T14:08:22.907472,0
-1.5661069258891576,0.969212486287375,0.39858208016340624,0.059159876663617626,-1.2316448970959013,-0.5449249778098341,0.7376951317802901,-0.3075623426146228,0.6158384251930635,-0.5066552840628717,0.8505317485662419,-0.41331326869757246,-0.14359163172354764,-0.06715342778730747,36,2025-11-21T14:08:22.907472,0
0.8273772438659699,-0.3092756154954491,-0.5028639729296732,-0.5609748304808925,0.8119223343984152,-0.5449249778098341,0.7376951317802901,-0.3075623426146228,-1.6238025415294657,-0.5066552840628717,0.8505317485662419,-0.41331326869757246,-0.14359163172354764,-0.06715342778730747,37,2025-11-21T14:08:22.907472,1
0.8273772438659699,-0.6100963453267019,-0.4863374216869257,-0.5609748304808925,0.8119223343984152,-0.5449249778098341,0.7376951317802901,-0.3075623426146228,0.6158384251930635,-0.5066552840628717,0.8505317485662419,-0.41331326869757246,-0.14359163172354764,-0.06715342778730747,38,2025-11-21T14:08:22.907472,0
0.8273772438659699,-0.8357118927001413,-0.2859972841804228,0.6792945838081278,-1.2316448970959013,-0.5449249778098341,-1.3555735383351195,-0.3075623426146228,0.6158384251930635,1.9737285516515173,-1.175735064194511,-0.41331326869757246,-0.14359163172354764,-0.06715342778730747,39,2025-11-21T14:08:22.907472,0
0.8273772438659699,-1.136532622531394,-0.42207354059350805,0.059159876663617626,-1.2316448970959013,-0.5449249778098341,-1.3555735383351195,-0.3075623426146228,-1.6238025415294657,1.9737285516515173,-1.175735064194511,-0.41331326869757246,-0.14359163172354764,-0.06715342778730747,40,2025-11-21T14:08:22.907472,1
0.8273772438659699,0.8188021213717487,-0.4576454924460446,0.059159876663617626,-1.2316448970959013,-0.5449249778098341,-1.3555735383351195,-0.3075623426146228,0.6158384251930635,-0.5066552840628717,-1.175735064194511,2.4194722882988664,-0.14359163172354764,-0.06715342778730747,41,2025-11-21T14:08:22.907472,0
-0.3693648410115938,-0.15886525057982273,-0.22559322262067316,0.059159876663617626,-1.2316448970959013,-0.5449249778098341,-1.3555735383351195,-0.3075623426146228,0.6158384251930635,-0.5066552840628717,-1.175735064194511,2.4194722882988664,-0.14359163172354764,-0.06715342778730747,42,2025-11-21T14:08:22.907472,0
0.8273772438659699,-0.3092756154954491,-0.4894421904510968,-0.5609748304808925,0.8119223343984152,-0.5449249778098341,0.7376951317802901,-0.3075623426146228,-1.6238025415294657,-0.5066552840628717,0.8505317485662419,-0.41331326869757246,-0.14359163172354764,-0.06715342778730747,43,2025-11-21T14:08:22.907472,0
-0.3693648410115938,-1.9637896295673392,0.18876253192945994,1.299429290952638,-1.2316448970959013,-0.5449249778098341,-1.3555735383351195,-0.3075623426146228,-1.6238025415294657,1.9737285516515173,-1.175735064194511,-0.41331326869757246,-0.14359163172354764,-0.06715342778730747,44,2025-11-21T14:08:22.907472,1
0.8273772438659699,-0.7605067102423282,-0.48977642625839407,-0.5609748304808925,0.8119223343984152,-0.5449249778098341,-1.3555735383351195,3.2513733362117265,-1.6238025415294657,1.9737285516515173,-1.175735064194511,-0.41331326869757246,-0.14359163172354764,-0.06715342778730747,45,2025-11-21T14:08:22.907472,1
0.8273772438659699,-0.3092756154954491,-0.4863374216869257,-0.5609748304808925,0.8119223343984152,-0.5449249778098341,0.7376951317802901,-0.3075623426146228,0.6158384251930635,-0.5066552840628717,0.8505317485662419,-0.41331326869757246,-0.14359163172354764,-0.06715342778730747,46,2025-11-21T14:08:22.907472,0
0.8273772438659699,-0.3092756154954491,-0.3363340021468808,0.059159876663617626,-1.2316448970959013,-0.5449249778098341,0.7376951317802901,3.2513733362117265,-1.6238025415294657,-0.5066552840628717,0.8505317485662419,-0.41331326869757246,-0.14359163172354764,-0.06715342778730747,47,2025-11-21T14:08:22.907472,0
0.8273772438659699,-0.5724937540977952,-0.49237782784290063,-0.5609748304808925,0.8119223343984152,-0.5449249778098341,-1.3555735383351195,3.2513733362117265,-1.6238025415294657,1.9737285516515173,-1.175735064194511,-0.41331326869757246,-0.14359163172354764,-0.06715342778730747,48,2025-11-21T14:08:22.907472,1
0.8273772438659699,-0.3092756154954491,-0.21191774308354583,0.6792945838081278,-1.2316448970959013,-0.5449249778098341,0.7376951317802901,-0.3075623426146228,-1.6238025415294657,-0.5066552840628717,0.8505317485662419,-0.41331326869757246,-0.14359163172354764,-0.06715342778730747,49,2025-11-21T14:08:22.907472,0
0.8273772438659699,-0.8357118927001413,-0.29002422161773944,0.059159876663617626,-1.2316448970959013,-0.5449249778098341,-1.3555735383351195,-0.3075623426146228,0.6158384251930635,-0.5066552840628717,-1.175735064194511,2.4194722882988664,-0.14359163172354764,-0.06715342778730747,50,2025-11-21T14:08:22.907472,0
0.8273772438659699,-1.6629688997360863,0.1506737441786005,2.5396987052416584,-1.2316448970959013,-0.5449249778098341,0.7376951317802901,-0.3075623426146228,0.6158384251930635,-0.5066552840628717,-1.175735064194511,-0.41331326869757246,-0.14359163172354764,-0.06715342778730747,51,2025-11-21T14:08:22.907472,0
0.8273772438659699,-0.6100963453267019,-0.4913710934835715,-0.5609748304808925,0.8119223343984152,-0.5449249778098341,0.7376951317802901,-0.3075623426146228,0.6158384251930635,-0.5066552840628717,0.8505317485662419,-0.41331326869757246,-0.14359163172354764,-0.06715342778730747,52,2025-11-21T14:08:22.907472,0
-1.5661069258891576,1.4956487634920672,0.8964967865378598,0.059159876663617626,-1.2316448970959013,1.8351149988007642,-1.3555735383351195,-0.3075623426146228,-1.6238025415294657,-0.5066552840628717,-1.175735064194511,2.4194722882988664,-0.14359163172354764,-0.06715342778730747,53,2025-11-21T14:08:22.907472,1
-0.3693648410115938,-0.008454885664196365,-0.12491978668775715,0.059159876663617626,-1.2316448970959013,-0.5449249778098341,-1.3555735383351195,-0.3075623426146228,0.6158384251930635,-0.5066552840628717,-1.175735064194511,2.4194722882988664,-0.14359163172354764,-0.06715342778730747,54,2025-11-21T14:08:22.907472,1
-1.5661069258891576,2.6989316828170784,0.5995101505357573,0.059159876663617626,-1.2316448970959013,1.8351149988007642,0.7376951317802901,-0.3075623426146228,-1.6238025415294657,-0.5066552840628717,0.8505317485662419,-0.41331326869757246,-0.14359163172354764,-0.06715342778730747,55,2025-11-21T14:08:22.907472,0
-1.5661069258891576,0.8188021213717487,0.06635974158478332,-0.5609748304808925,0.8119223343984152,1.8351149988007642,0.7376951317802901,-0.3075623426146228,0.6158384251930635,-0.5066552840628717,0.8505317485662419,-0.41331326869757246,-0.14359163172354764,-0.06715342778730747,56,2025-11-21T14:08:22.907472,1
-0.3693648410115938,-0.6100963453267019,-0.43700743807979686,-0.5609748304808925,0.8119223343984152,-0.5449249778098341,-1.3555735383351195,-0.3075623426146228,0.6158384251930635,1.9737285516515173,-1.175735064194511,-0.41331326869757246,-0.14359163172354764,-0.06715342778730747,57,2025-11-21T14:08:22.907472,1
0.8273772438659699,-0.04605747689310296,-0.5028639729296732,-0.5609748304808925,0.8119223343984152,-0.5449249778098341,0.7376951317802901,-0.3075623426146228,-1.6238025415294657,-0.5066552840628717,0.8505317485662419,-0.41331326869757246,-0.14359163172354764,-0.06715342778730747,58,2025-11-21T14:08:22.907472,0
-0.3693648410115938,-1.8133792646517128,-0.08968408411123653,1.299429290952638,-1.2316448970959013,-0.5449249778098341,-1.3555735383351195,-0.3075623426146228,0.6158384251930635,1.9737285516515173,-1.175735064194511,-0.41331326869757246,-0.14359163172354764,-0.06715342778730747,59,2025-11-21T14:08:22.907472,1
0.8273772438659699,-1.3621481699048337,0.2958951755118318,3.779968119530679,-1.2316448970959013,-0.5449249778098341,0.7376951317802901,-0.3075623426146228,0.6158384251930635,-0.5066552840628717,-1.175735064194511,-0.41331326869757246,-0.14359163172354764,-0.06715342778730747,60,2025-11-21T14:08:22.907472,0
0.8273772438659699,-0.5348911628688886,-0.5028639729296732,-0.5609748304808925,0.8119223343984152,-0.5449249778098341,0.7376951317802901,-0.3075623426146228,-1.6238025415294657,-0.5066552840628717,0.8505317485662419,-0.41331326869757246,-0.14359163172354764,-0.06715342778730747,61,2025-11-21T14:08:22.907472,0
-1.5661069258891576,0.6683917564561223,0.962353321387736,-0.5609748304808925,0.8119223343984152,1.8351149988007642,-1.3555735383351195,-0.3075623426146228,0.6158384251930635,1.9737285516515173,-1.175735064194511,-0.41331326869757246,-0.14359163172354764,-0.06715342778730747,62,2025-11-21T14:08:22.907472,1
-1.5661069258891576,1.1948280336608146,1.0323213593611125,0.059159876663617626,-1.2316448970959013,1.8351149988007642,0.7376951317802901,-0.3075623426146228,0.6158384251930635,-0.5066552840628717,0.8505317485662419,-0.41331326869757246,-0.14359163172354764,-0.06715342778730747,63,2025-11-21T14:08:22.907472,0
0.8273772438659699,-1.8885844471095259,-0.08666388103324908,2.5396987052416584,-1.2316448970959013,-0.5449249778098341,0.7376951317802901,-0.3075623426146228,0.6158384251930635,-0.5066552840628717,-1.175735064194511,-0.41331326869757246,-0.14359163172354764,-0.06715342778730747,64,2025-11-21T14:08:22.907472,0
-1.5661069258891576,0.8188021213717487,-0.09027201697708476,-0.5609748304808925,0.8119223343984152,-0.5449249778098341,0.7376951317802901,-0.3075623426146228,-1.6238025415294657,-0.5066552840628717,0.8505317485662419,-0.41331326869757246,-0.14359163172354764,-0.06715342778730747,65,2025-11-21T14:08:22.907472,0
0.8273772438659699,-0.3092756154954491,-0.3414522396297103,0.6792945838081278,-1.2316448970959013,-0.5449249778098341,0.7376951317802901,-0.3075623426146228,-1.6238025415294657,-0.5066552840628717,-1.175735064194511,-0.41331326869757246,-0.14359163172354764,-0.06715342778730747,66,2025-11-21T14:08:22.907472,1
-0.3693648410115938,-0.008454885664196365,-0.43700743807979686,-0.5609748304808925,0.8119223343984152,1.8351149988007642,-1.3555735383351195,-0.3075623426146228,0.6158384251930635,-0.5066552840628717,-1.175735064194511,2.4194722882988664,-0.14359163172354764,-0.06715342778730747,67,2025-11-21T14:08:22.907472,1
0.8273772438659699,-0.7605067102423282,-0.4841568350646187,-0.5609748304808925,0.8119223343984152,-0.5449249778098341,0.7376951317802901,-0.3075623426146228,0.6158384251930635,-0.5066552840628717,0.8505317485662419,-0.41331326869757246,-0.14359163172354764,-0.06715342778730747,68,2025-11-21T14:08:22.907472,0
0.8273772438659699,-0.9109170751579546,-0.4888542575852486,3.1598334123861687,-1.2316448970959013,-0.5449249778098341,-1.3555735383351195,-0.3075623426146228,0.6158384251930635,1.9737285516515173,-1.175735064194511,-0.41331326869757246,-0.14359163172354764,-0.06715342778730747,69,2025-11-21T14:08:22.907472,1
0.8273772438659699,-0.23407043303763592,-0.47400492578514347,0.6792945838081278,-1.2316448970959013,-0.5449249778098341,0.7376951317802901,-0.3075623426146228,0.6158384251930635,-0.5066552840628717,0.8505317485662419,-0.41331326869757246,-0.14359163172354764,-0.06715342778730747,70,2025-11-21T14:08:22.907472,0
-0.3693648410115938,0.2171606617092432,-0.43700743807979686,-0.5609748304808925,0.8119223343984152,-0.5449249778098341,0.7376951317802901,-0.3075623426146228,0.6158384251930635,-0.5066552840628717,0.8505317485662419,-0.41331326869757246,-0.14359163172354764,-0.06715342778730747,71,2025-11-21T14:08:22.907472,0
0.8273772438659699,-0.9861222576157678,0.2958951755118318,3.779968119530679,-1.2316448970959013,-0.5449249778098341,-1.3555735383351195,-0.3075623426146228,0.6158384251930635,1.9737285516515173,-1.175735064194511,-0.41331326869757246,-0.14359163172354764,-0.06715342778730747,72,2025-11-21T14:08:22.907472,0
-0.3693648410115938,-0.6100963453267019,0.8314778546749452,-0.5609748304808925,0.8119223343984152,-0.5449249778098341,0.7376951317802901,-0.3075623426146228,0.6158384251930635,-0.5066552840628717,0.8505317485662419,-0.41331326869757246,-0.14359163172354764,-0.06715342778730747,73,2025-11-21T14:08:22.907472,0
0.8273772438659699,-0.23407043303763592,-0.3573908580066095,0.059159876663617626,-1.2316448970959013,-0.5449249778098341,0.7376951317802901,-0.3075623426146228,-1.6238025415294657,-0.5066552840628717,0.8505317485662419,-0.41331326869757246,-0.14359163172354764,-0.06715342778730747,74,2025-11-21T14:08:22.907472,0
0.8273772438659699,0.2171606617092432,0.48910360681684706,-0.5609748304808925,0.8119223343984152,-0.5449249778098341,0.7376951317802901,-0.3075623426146228,0.6158384251930635,-0.5066552840628717,0.8505317485662419,-0.41331326869757246,-0.14359163172354764,-0.06715342778730747,75,2025-11-21T14:08:22.907472,1
0.8273772438659699,-0.3092756154954491,-0.494391296561559,-0.5609748304808925,0.8119223343984152,1.8351149988007642,0.7376951317802901,-0.3075623426146228,0.6158384251930635,-0.5066552840628717,0.8505317485662419,-0.41331326869757246,-0.14359163172354764,-0.06715342778730747,76,2025-11-21T14:08:22.907472,0
0.8273772438659699,-0.3092756154954491,-0.4894421904510968,-0.5609748304808925,0.8119223343984152,-0.5449249778098341,0.7376951317802901,-0.3075623426146228,0.6158384251930635,-0.5066552840628717,0.8505317485662419,-0.41331326869757246,-0.14359163172354764,-0.06715342778730747,77,2025-11-21T14:08:22.907472,0
0.8273772438659699,-0.3092756154954491,-0.4863374216869257,-0.5609748304808925,0.8119223343984152,-0.5449249778098341,0.7376951317802901,-0.3075623426146228,0.6158384251930635,-0.5066552840628717,0.8505317485662419,-0.41331326869757246,-0.14359163172354764,-0.06715342778730747,78,2025-11-21T14:08:22.907472,0
-0.3693648410115938,-2.126984875500794,-0.06451572512800753,0.6792945838081278,-1.2316448970959013,-0.5449249778098341,0.7376951317802901,-0.3075623426146228,0.6158384251930635,-0.5066552840628717,-1.175735064194511,-0.41331326869757246,-0.14359163172354764,-0.06715342778730747,79,2025-11-21T14:08:22.907472,1
0.8273772438659699,0.06675029679361683,-0.397241430886295,-0.5609748304808925,0.8119223343984152,-0.5449249778098341,-1.3555735383351195,-0.3075623426146228,0.6158384251930635,1.9737285516515173,-1.175735064194511,-0.41331326869757246,-0.14359163172354764,-0.06715342778730747,80,2025-11-21T14:08:22.907472,1
0.8273772438659699,-0.5348911628688886,-0.46720946885967163,-0.5609748304808925,0.8119223343984152,-0.5449249778098341,0.7376951317802901,-0.3075623426146228,0.6158384251930635,-0.5066552840628717,0.8505317485662419,-0.41331326869757246,-0.14359163172354764,-0.06715342778730747,81,2025-11-21T14:08:22.907472,0
0.8273772438659699,-0.008454885664196365,-0.45714212526638004,-0.5609748304808925,0.8119223343984152,-0.5449249778098341,0.7376951317802901,-0.3075623426146228,0.6158384251930635,-0.5066552840628717,0.8505317485662419,-0.41331326869757246,-0.14359163172354764,-0.06715342778730747,82,2025-11-21T14:08:22.907472,1
0.8273772438659699,-0.5724937540977952,-0.49162277707340374,-0.5609748304808925,0.8119223343984152,-0.5449249778098341,-1.3555735383351195,3.2513733362117265,-1.6238025415294657,1.9737285516515173,-1.175735064194511,-0.41331326869757246,-0.14359163172354764,-0.06715342778730747,83,2025-11-21T14:08:22.907472,1
-1.5661069258891576,-0.08366006812200955,0.29992211294914856,-0.5609748304808925,0.8119223343984152,-0.5449249778098341,0.7376951317802901,-0.3075623426146228,0.6158384251930635,-0.5066552840628717,0.8505317485662419,-0.41331326869757246,-0.14359163172354764,-0.06715342778730747,84,2025-11-21T14:08:22.907472,0
-0.3693648410115938,-0.9109170751579546,-0.43700743807979686,-0.5609748304808925,0.8119223343984152,-0.5449249778098341,-1.3555735383351195,-0.3075623426146228,0.6158384251930635,1.9737285516515173,-1.175735064194511,-0.41331326869757246,-0.14359163172354764,-0.06715342778730747,85,2025-11-21T14:08:22.907472,1
0.8273772438659699,0.29236584416705635,-0.32928686163157667,1.299429290952638,-1.2316448970959013,-0.5449249778098341,-1.3555735383351195,-0.3075623426146228,0.6158384251930635,-0.5066552840628717,-1.175735064194511,2.4194722882988664,-0.14359163172354764,-0.06715342778730747,86,2025-11-21T14:08:22.907472,1
0.8273772438659699,-0.9861222576157678,0.04370821849987721,1.9195639980971482,-1.2316448970959013,-0.5449249778098341,0.7376951317802901,-0.3075623426146228,0.6158384251930635,-0.5066552840628717,0.8505317485662419,-0.41331326869757246,-0.14359163172354764,-0.06715342778730747,87,2025-11-21T14:08:22.907472,0
0.8273772438659699,-0.3092756154954491,-0.4863374216869257,-0.5609748304808925,0.8119223343984152,-0.5449249778098341,0.7376951317802901,-0.3075623426146228,0.6158384251930635,-0.5066552840628717,0.8505317485662419,-0.41331326869757246,-0.14359163172354764,-0.06715342778730747,88,2025-11-21T14:08:22.907472,0
-1.5661069258891576,-0.45968598041107545,4.647001076532463,2.5396987052416584,-1.2316448970959013,1.8351149988007642,-1.3555735383351195,-0.3075623426146228,0.6158384251930635,1.9737285516515173,-1.175735064194511,-0.41331326869757246,-0.14359163172354764,-0.06715342778730747,89,2025-11-21T14:08:22.907472,1
0.8273772438659699,-0.3844807979532623,-0.4863374216869257,-0.5609748304808925,0.8119223343984152,-0.5449249778098341,0.7376951317802901,-0.3075623426146228,0.6158384251930635,-0.5066552840628717,0.8505317485662419,-0.41331326869757246,-0.14359163172354764,-0.06715342778730747,90,2025-11-21T14:08:22.907472,0
0.8273772438659699,-0.008454885664196365,-0.4863374216869257,-0.5609748304808925,0.8119223343984152,-0.5449249778098341,0.7376951317802901,-0.3075623426146228,0.6158384251930635,-0.5066552840628717,0.8505317485662419,-0.41331326869757246,-0.14359163172354764,-0.06715342778730747,91,2025-11-21T14:08:22.907472,0
0.8273772438659699,-0.685301527784515,-0.4902797934380587,-0.5609748304808925,0.8119223343984152,-0.5449249778098341,0.7376951317802901,-0.3075623426146228,0.6158384251930635,-0.5066552840628717,0.8505317485662419,-0.41331326869757246,-0.14359163172354764,-0.06715342778730747,92,2025-11-21T14:08:22.907472,0
-1.5661069258891576,1.2700332161186279,0.5833178351003071,0.059159876663617626,-1.2316448970959013,1.8351149988007642,0.7376951317802901,-0.3075623426146228,0.6158384251930635,-0.5066552840628717,0.8505317485662419,-0.41331326869757246,-0.14359163172354764,-0.06715342778730747,93,2025-11-21T14:08:22.907472,0
0.8273772438659699,-0.23407043303763592,-0.23415046467497105,1.299429290952638,-1.2316448970959013,-0.5449249778098341,0.7376951317802901,-0.3075623426146228,0.6158384251930635,-0.5066552840628717,0.8505317485662419,-0.41331326869757246,-0.14359163172354764,-0.06715342778730747,94,2025-11-21T14:08:22.907472,0
0.8273772438659699,2.2477005880701992,-0.5024451714361923,-0.5609748304808925,0.8119223343984152,-0.5449249778098341,0.7376951317802901,-0.3075623426146228,0.6158384251930635,-0.5066552840628717,0.8505317485662419,-0.41331326869757246,-0.14359163172354764,-0.06715342778730747,95,2025-11-21T14:08:22.907472,0
0.8273772438659699,-0.3092756154954491,-0.4863374216869257,-0.5609748304808925,0.8119223343984152,-0.5449249778098341,0.7376951317802901,-0.3075623426146228,0.6158384251930635,-0.5066552840628717,0.8505317485662419,-0.41331326869757246,-0.14359163172354764,-0.06715342778730747,96,2025-11-21T14:08:22.907472,0
-1.5661069258891576,3.1501627775639576,0.0493298231623713,-0.5609748304808925,0.8119223343984152,1.8351149988007642,0.7376951317802901,-0.3075623426146228,-1.6238025415294657,-0.5066552840628717,0.8505317485662419,-0.41331326869757246,-0.14359163172354764,-0.06715342778730747,97,2025-11-21T14:08:22.907472,0
-1.5661069258891576,-0.45968598041107545,0.6272778976347743,0.059159876663617626,-1.2316448970959013,1.8351149988007642,0.7376951317802901,-0.3075623426146228,-1.6238025415294657,-0.5066552840628717,0.8505317485662419,-0.41331326869757246,-0.14359163172354764,-0.06715342778730747,98,2025-11-21T14:08:22.907472,1
-0.3693648410115938,0.36757102662486957,-0.18532384824750675,0.059159876663617626,-1.2316448970959013,-0.5449249778098341,-1.3555735383351195,-0.3075623426146228,0.6158384251930635,-0.5066552840628717,-1.175735064194511,2.4194722882988664,-0.14359163172354764,-0.06715342778730747,99,2025-11-21T14:08:22.907472,1
-0.3693648410115938,0.36757102662486957,-0.12491978668775715,0.059159876663617626,-1.2316448970959013,-0.5449249778098341,0.7376951317802901,-0.3075623426146228,0.6158384251930635,-0.5066552840628717,0.8505317485662419,-0.41331326869757246,-0.14359163172354764,-0.06715342778730747,100,2025-11-21T14:08:22.907472,0
0.8273772438659699,-0.08366006812200955,-0.4894421904510968,-0.5609748304808925,0.8119223343984152,-0.5449249778098341,-1.3555735383351195,-0.3075623426146228,0.6158384251930635,1.9737285516515173,-1.175735064194511,-0.41331326869757246,-0.14359163172354764,-0.06715342778730747,101,2025-11-21T14:08:22.907472,0
0.8273772438659699,-0.3092756154954491,-0.4894421904510968,-0.5609748304808925,0.8119223343984152,-0.5449249778098341,0.7376951317802901,-0.3075623426146228,0.6158384251930635,-0.5066552840628717,0.8505317485662419,-0.41331326869757246,-0.14359163172354764,-0.06715342778730747,102,2025-11-21T14:08:22.907472,0
-1.5661069258891576,-0.6100963453267019,0.907737982394129,0.059159876663617626,-1.2316448970959013,1.8351149988007642,0.7376951317802901,-0.3075623426146228,0.6158384251930635,-0.5066552840628717,0.8505317485662419,-0.41331326869757246,-0.14359163172354764,-0.06715342778730747,103,2025-11-21T14:08:22.907472,0
0.8273772438659699,0.29236584416705635,-0.4741720436887921,-0.5609748304808925,0.8119223343984152,-0.5449249778098341,0.7376951317802901,-0.3075623426146228,0.6158384251930635,-0.5066552840628717,0.8505317485662419,-0.41331326869757246,-0.14359163172354764,-0.06715342778730747,104,2025-11-21T14:08:22.907472,0
0.8273772438659699,0.5931865739983091,-0.4888542575852486,0.6792945838081278,-1.2316448970959013,-0.5449249778098341,0.7376951317802901,-0.3075623426146228,0.6158384251930635,-0.5066552840628717,0.8505317485662419,-0.41331326869757246,-0.14359163172354764,-0.06715342778730747,105,2025-11-21T14:08:22.907472,0
0.8273772438659699,-0.08366006812200955,-0.4894421904510968,-0.5609748304808925,0.8119223343984152,-0.5449249778098341,0.7376951317802901,-0.3075623426146228,0.6158384251930635,-0.5066552840628717,0.8505317485662419,-0.41331326869757246,-0.14359163172354764,-0.06715342778730747,106,2025-11-21T14:08:22.907472,0
0.8273772438659699,-0.6100963453267019,-0.494391296561559,-0.5609748304808925,0.8119223343984152,-0.5449249778098341,-1.3555735383351195,-0.3075623426146228,0.6158384251930635,1.9737285516515173,-1.175735064194511,-0.41331326869757246,-0.14359163172354764,-0.06715342778730747,107,2025-11-21T14:08:22.907472,1
0.8273772438659699,-0.3092756154954491,-0.4918744606632361,-0.5609748304808925,0.8119223343984152,-0.5449249778098341,0.7376951317802901,-0.3075623426146228,0.6158384251930635,-0.5066552840628717,0.8505317485662419,-0.41331326869757246,-0.14359163172354764,-0.06715342778730747,108,2025-11-21T14:08:22.907472,1
0.8273772438659699,0.6683917564561223,-0.4894421904510968,-0.5609748304808925,0.8119223343984152,-0.5449249778098341,0.7376951317802901,-0.3075623426146228,0.6158384251930635,-0.5066552840628717,0.8505317485662419,-0.41331326869757246,-0.14359163172354764,-0.06715342778730747,109,2025-11-21T14:08:22.907472,0
0.8273772438659699,-0.5724937540977952,-0.1621689579829361,0.059159876663617626,-1.2316448970959013,-0.5449249778098341,-1.3555735383351195,3.2513733362117265,-1.6238025415294657,1.9737285516515173,-1.175735064194511,-0.41331326869757246,-0.14359163172354764,-0.06715342778730747,110,2025-11-21T14:08:22.907472,1
-1.5661069258891576,1.345238398576441,0.39858208016340624,-0.5609748304808925,0.8119223343984152,1.8351149988007642,0.7376951317802901,-0.3075623426146228,0.6158384251930635,-0.5066552840628717,0.8505317485662419,-0.41331326869757246,-0.14359163172354764,-0.06715342778730747,111,2025-11-21T14:08:22.907472,0
0.8273772438659699,-1.0989300313024875,-0.3573908580066095,0.059159876663617626,-1.2316448970959013,-0.5449249778098341,-1.3555735383351195,-0.3075623426146228,-1.6238025415294657,1.9737285516515173,-1.175735064194511,-0.41331326869757246,-0.14359163172354764,-0.06715342778730747,112,2025-11-21T14:08:22.907472,0
0.8273772438659699,-0.5348911628688886,-0.4863374216869257,-0.5609748304808925,0.8119223343984152,-0.5449249778098341,0.7376951317802901,-0.3075623426146228,0.6158384251930635,-0.5066552840628717,0.8505317485662419,-0.41331326869757246,-0.14359163172354764,-0.06715342778730747,113,2025-11-21T14:08:22.907472,0
0.8273772438659699,-0.685301527784515,-0.4505983519307405,0.059159876663617626,-1.2316448970959013,-0.5449249778098341,-1.3555735383351195,-0.3075623426146228,0.6158384251930635,1.9737285516515173,-1.175735064194511,-0.41331326869757246,-0.14359163172354764,-0.06715342778730747,114,2025-11-21T14:08:22.907472,0
0.8273772438659699,-0.9109170751579546,-0.3573083057891445,-0.5609748304808925,0.8119223343984152,-0.5449249778098341,-1.3555735383351195,-0.3075623426146228,-1.6238025415294657,1.9737285516515173,-1.175735064194511,-0.41331326869757246,-0.14359163172354764,-0.06715342778730747,115,2025-11-21T14:08:22.907472,0
0.8273772438659699,-0.6100963453267019,-0.4888542575852486,-0.5609748304808925,0.8119223343984152,-0.5449249778098341,0.7376951317802901,-0.3075623426146228,0.6158384251930635,-0.5066552840628717,0.8505317485662419,-0.41331326869757246,-0.14359163172354764,-0.06715342778730747,116,2025-11-21T14:08:22.907472,0
0.8273772438659699,3.1125601863350507,-0.49237782784290063,-0.5609748304808925,0.8119223343984152,-0.5449249778098341,0.7376951317802901,3.2513733362117265,-1.6238025415294657,-0.5066552840628717,0.8505317485662419,-0.41331326869757246,-0.14359163172354764,-0.06715342778730747,117,2025-11-21T14:08:22.907472,0
-0.3693648410115938,-0.008454885664196365,-0.22559322262067316,0.059159876663617626,-1.2316448970959013,-0.5449249778098341,0.7376951317802901,-0.3075623426146228,0.6158384251930635,-0.5066552840628717,0.8505317485662419,-0.41331326869757246,-0.14359163172354764,-0.06715342778730747,118,2025-11-21T14:08:22.907472,0
-1.5661069258891576,-0.3844807979532623,4.335332226633905,0.059159876663617626,-1.2316448970959013,1.8351149988007642,0.7376951317802901,-0.3075623426146228,-1.6238025415294657,-0.5066552840628717,0.8505317485662419,-0.41331326869757246,-0.14359163172354764,-0.06715342778730747,119,2025-11-21T14:08:22.907472,0
0.8273772438659699,-2.038994812025152,-0.01870931177853076,3.1598334123861687,-1.2316448970959013,-0.5449249778098341,-1.3555735383351195,-0.3075623426146228,0.6158384251930635,1.9737285516515173,-1.175735064194511,-0.41331326869757246,-0.14359163172354764,-0.06715342778730747,120,2025-11-21T14:08:22.907472,0
-0.3693648410115938,-0.6100963453267019,0.8314778546749452,0.6792945838081278,-1.2316448970959013,-0.5449249778098341,0.7376951317802901,-0.3075623426146228,0.6158384251930635,-0.5066552840628717,0.8505317485662419,-0.41331326869757246,-0.14359163172354764,-0.06715342778730747,121,2025-11-21T14:08:22.907472,0
0.8273772438659699,-0.3092756154954491,-0.4863374216869257,-0.5609748304808925,0.8119223343984152,-0.5449249778098341,0.7376951317802901,-0.3075623426146228,0.6158384251930635,-0.5066552840628717,0.8505317485662419,-0.41331326869757246,-0.14359163172354764,-0.06715342778730747,122,2025-11-21T14:08:22.907472,0
-0.3693648410115938,0.2547632529381498,-0.04295550208861426,0.059159876663617626,-1.2316448970959013,-0.5449249778098341,0.7376951317802901,-0.3075623426146228,-1.6238025415294657,-0.5066552840628717,0.8505317485662419,-0.41331326869757246,-0.14359163172354764,-0.06715342778730747,123,2025-11-21T14:08:22.907472,0
-0.3693648410115938,0.2547632529381498,-0.3866707201133388,-0.5609748304808925,0.8119223343984152,1.8351149988007642,-1.3555735383351195,-0.3075623426146228,0.6158384251930635,1.9737285516515173,-1.175735064194511,-0.41331326869757246,-0.14359163172354764,-0.06715342778730747,124,2025-11-21T14:08:22.907472,1
-1.5661069258891576,1.8716746757811333,0.907737982394129,0.059159876663617626,-1.2316448970959013,1.8351149988007642,0.7376951317802901,-0.3075623426146228,0.6158384251930635,-0.5066552840628717,0.8505317485662419,-0.41331326869757246,-0.14359163172354764,-0.06715342778730747,125,2025-11-21T14:08:22.907472,0
0.8273772438659699,-1.2869429874470204,-0.42207354059350805,0.059159876663617626,-1.2316448970959013,-0.5449249778098341,0.7376951317802901,-0.3075623426146228,-1.6238025415294657,-0.5066552840628717,-1.175735064194511,-0.41331326869757246,-0.14359163172354764,-0.06715342778730747,126,2025-11-21T14:08:22.907472,1
0.8273772438659699,-0.3092756154954491,-0.49237782784290063,-0.5609748304808925,0.8119223343984152,-0.5449249778098341,0.7376951317802901,3.2513733362117265,-1.6238025415294657,-0.5066552840628717,0.8505317485662419,-0.41331326869757246,-0.14359163172354764,-0.06715342778730747,127,2025-11-21T14:08:22.907472,0
0.8273772438659699,-0.3844807979532623,-0.5046257580584992,-0.5609748304808925,0.8119223343984152,-0.5449249778098341,0.7376951317802901,-0.3075623426146228,0.6158384251930635,-0.5066552840628717,0.8505317485662419,-0.41331326869757246,-0.14359163172354764,-0.06715342778730747,128,2025-11-21T14:08:22.907472,1
0.8273772438659699,-0.5724937540977952,-0.19824427701513722,0.6792945838081278,-1.2316448970959013,1.8351149988007642,-1.3555735383351195,-0.3075623426146228,-1.6238025415294657,1.9737285516515173,-1.175735064194511,-0.41331326869757246,-0.14359163172354764,-0.06715342778730747,129,2025-11-21T14:08:22.907472,1
0.8273772438659699,1.1948280336608146,-0.5079822104125026,-0.5609748304808925,0.8119223343984152,-0.5449249778098341,0.7376951317802901,-0.3075623426146228,0.6158384251930635,-0.5066552840628717,0.8505317485662419,-0.41331326869757246,-0.14359163172354764,-0.06715342778730747,130,2025-11-21T14:08:22.907472,0
0.8273772438659699,0.29236584416705635,-0.4894421904510968,-0.5609748304808925,0.8119223343984152,-0.5449249778098341,0.7376951317802901,-0.3075623426146228,-1.6238025415294657,-0.5066552840628717,0.8505317485662419,-0.41331326869757246,-0.14359163172354764,-0.06715342778730747,131,2025-11-21T14:08:22.907472,0
0.8273772438659699,-0.685301527784515,-0.5064721088735089,-0.5609748304808925,0.8119223343984152,-0.5449249778098341,0.7376951317802901,-0.3075623426146228,0.6158384251930635,-0.5066552840628717,0.8505317485662419,-0.41331326869757246,-0.14359163172354764,-0.06715342778730747,132,2025-11-21T14:08:22.907472,0
0.8273772438659699,1.345238398576441,-0.35646868933346404,0.059159876663617626,-1.2316448970959013,-0.5449249778098341,-1.3555735383351195,-0.3075623426146228,0.6158384251930635,-0.5066552840628717,-1.175735064194511,2.4194722882988664,-0.14359163172354764,-0.06715342778730747,133,2025-11-21T14:08:22.907472,0
-0.3693648410115938,-0.008454885664196365,-0.12491978668775715,0.059159876663617626,-1.2316448970959013,-0.5449249778098341,-1.3555735383351195,-0.3075623426146228,0.6158384251930635,-0.5066552840628717,-1.175735064194511,2.4194722882988664,-0.14359163172354764,-0.06715342778730747,134,2025-11-21T14:08:22.907472,1
-0.3693648410115938,-0.3092756154954491,-0.3866707201133388,-0.5609748304808925,0.8119223343984152,-0.5449249778098341,0.7376951317802901,-0.3075623426146228,0.6158384251930635,-0.5066552840628717,0.8505317485662419,-0.41331326869757246,-0.14359163172354764,-0.06715342778730747,135,2025-11-21T14:08:22.907472,0
-0.3693648410115938,-0.45968598041107545,-0.3454791770670269,-0.5609748304808925,0.8119223343984152,-0.5449249778098341,0.7376951317802901,-0.3075623426146228,-1.6238025415294657,-0.5066552840628717,0.8505317485662419,-0.41331326869757246,-0.14359163172354764,-0.06715342778730747,136,2025-11-21T14:08:22.907472,0
-1.5661069258891576,-0.7605067102423282,-0.11921562980779811,0.6792945838081278,-1.2316448970959013,1.8351149988007642,-1.3555735383351195,-0.3075623426146228,0.6158384251930635,1.9737285516515173,-1.175735064194511,-0.41331326869757246,-0.14359163172354764,-0.06715342778730747,137,2025-11-21T14:08:22.907472,1
-1.5661069258891576,0.5931865739983091,0.4207302360686478,0.059159876663617626,-1.2316448970959013,1.8351149988007642,0.7376951317802901,-0.3075623426146228,0.6158384251930635,-0.5066552840628717,0.8505317485662419,-0.41331326869757246,-0.14359163172354764,-0.06715342778730747,138,2025-11-21T14:08:22.907472,0
0.8273772438659699,-0.9861222576157678,-0.4628462821463391,-0.5609748304808925,0.8119223343984152,-0.5449249778098341,0.7376951317802901,-0.3075623426146228,0.6158384251930635,-0.5066552840628717,0.8505317485662419,-0.41331326869757246,-0.14359163172354764,-0.06715342778730747,139,2025-11-21T14:08:22.907472,0
-1.5661069258891576,-0.3844807979532623,0.9462455716384695,-0.5609748304808925,0.8119223343984152,1.8351149988007642,0.7376951317802901,-0.3075623426146228,-1.6238025415294657,-0.5066552840628717,0.8505317485662419,-0.41331326869757246,-0.14359163172354764,-0.06715342778730747,140,2025-11-21T14:08:22.907472,0
0.8273772438659699,-0.5724937540977952,-0.3414522396297103,0.6792945838081278,-1.2316448970959013,-0.5449249778098341,-1.3555735383351195,-0.3075623426146228,-1.6238025415294657,-0.5066552840628717,-1.175735064194511,2.4194722882988664,-0.14359163172354764,-0.06715342778730747,141,2025-11-21T14:08:22.907472,0
0.8273772438659699,-0.5348911628688886,-0.49237782784290063,-0.5609748304808925,0.8119223343984152,-0.5449249778098341,-1.3555735383351195,-0.3075623426146228,0.6158384251930635,1.9737285516515173,-1.175735064194511,-0.41331326869757246,-0.14359163172354764,-0.06715342778730747,142,2025-11-21T14:08:22.907472,1
0.8273772438659699,-0.3844807979532623,-0.32928686163157667,0.059159876663617626,-1.2316448970959013,-0.5449249778098341,-1.3555735383351195,-0.3075623426146228,0.6158384251930635,-0.5066552840628717,-1.175735064194511,2.4194722882988664,-0.14359163172354764,-0.06715342778730747,143,2025-11-21T14:08:22.907472,1
0.8273772438659699,-0.7605067102423282,-0.5125125150294839,-0.5609748304808925,0.8119223343984152,-0.5449249778098341,0.7376951317802901,3.2513733362117265,-1.6238025415294657,-0.5066552840628717,0.8505317485662419,-0.41331326869757246,-0.14359163172354764,-0.06715342778730747,144,2025-11-21T14:08:22.907472,0
-0.3693648410115938,-0.8357118927001413,-0.41687275089321363,-0.5609748304808925,0.8119223343984152,-0.5449249778098341,0.7376951317802901,-0.3075623426146228,0.6158384251930635,-0.5066552840628717,0.8505317485662419,-0.41331326869757246,-0.14359163172354764,-0.06715342778730747,145,2025-11-21T14:08:22.907472,0
-0.3693648410115938,-0.7605067102423282,0.09152810056801232,0.6792945838081278,-1.2316448970959013,-0.5449249778098341,0.7376951317802901,-0.3075623426146228,0.6158384251930635,-0.5066552840628717,0.8505317485662419,-0.41331326869757246,-0.14359163172354764,-0.06715342778730747,146,2025-11-21T14:08:22.907472,0
0.8273772438659699,-0.15886525057982273,-0.49145565916975514,-0.5609748304808925,0.8119223343984152,-0.5449249778098341,0.7376951317802901,-0.3075623426146228,0.6158384251930635,-0.5066552840628717,0.8505317485662419,-0.41331326869757246,-0.14359163172354764,-0.06715342778730747,147,2025-11-21T14:08:22.907472,1
0.8273772438659699,-1.51255853482046,0.04370821849987721,1.9195639980971482,-1.2316448970959013,-0.5449249778098341,-1.3555735383351195,-0.3075623426146228,0.6158384251930635,1.9737285516515173,-1.175735064194511,-0.41331326869757246,-0.14359163172354764,-0.06715342778730747,148,2025-11-21T14:08:22.907472,0
-0.3693648410115938,0.5555839827694025,-0.12491978668775715,0.6792945838081278,-1.2316448970959013,1.8351149988007642,0.7376951317802901,-0.3075623426146228,0.6158384251930635,-0.5066552840628717,0.8505317485662419,-0.41331326869757246,-0.14359163172354764,-0.06715342778730747,149,2025-11-21T14:08:22.907472,0
-0.3693648410115938,0.969212486287375,-0.3866707201133388,-0.5609748304808925,0.8119223343984152,-0.5449249778098341,0.7376951317802901,-0.3075623426146228,0.6158384251930635,-0.5066552840628717,-1.175735064194511,-0.41331326869757246,6.96419413859206,-0.06715342778730747,150,2025-11-21T14:08:22.907472,0
-0.3693648410115938,1.6460591284076938,-0.39623469652696586,-0.5609748304808925,0.8119223343984152,-0.5449249778098341,0.7376951317802901,-0.3075623426146228,0.6158384251930635,-0.5066552840628717,-1.175735064194511,-0.41331326869757246,6.96419413859206,-0.06715342778730747,151,2025-11-21T14:08:22.907472,0
-1.5661069258891576,-0.5348911628688886,0.6925485130875209,0.059159876663617626,-1.2316448970959013,1.8351149988007642,-1.3555735383351195,-0.3075623426146228,0.6158384251930635,-0.5066552840628717,-1.175735064194511,2.4194722882988664,-0.14359163172354764,-0.06715342778730747,152,2025-11-21T14:08:22.907472,1
0.8273772438659699,1.984482449467853,-0.4863374216869257,-0.5609748304808925,0.8119223343984152,-0.5449249778098341,0.7376951317802901,-0.3075623426146228,0.6158384251930635,-0.5066552840628717,0.8505317485662419,-0.41331326869757246,-0.14359163172354764,-0.06715342778730747,153,2025-11-21T14:08:22.907472,0
0.8273772438659699,0.8564047126006552,-0.35646868933346404,0.6792945838081278,-1.2316448970959013,-0.5449249778098341,0.7376951317802901,-0.3075623426146228,0.6158384251930635,-0.5066552840628717,0.8505317485662419,-0.41331326869757246,-0.14359163172354764,-0.06715342778730747,154,2025-11-21T14:08:22.907472,0
0.8273772438659699,-0.3092756154954491,-0.5011867534870308,-0.5609748304808925,0.8119223343984152,-0.5449249778098341,0.7376951317802901,-0.3075623426146228,0.6158384251930635,-0.5066552840628717,0.8505317485662419,-0.41331326869757246,-0.14359163172354764,-0.06715342778730747,155,2025-11-21T14:08:22.907472,0
-1.5661069258891576,1.6460591284076938,0.5874293382238074,0.059159876663617626,-1.2316448970959013,-0.5449249778098341,0.7376951317802901,-0.3075623426146228,-1.6238025415294657,-0.5066552840628717,0.8505317485662419,-0.41331326869757246,-0.14359163172354764,-0.06715342778730747,156,2025-11-21T14:08:22.907472,0
0.8273772438659699,-0.9861222576157678,-0.49271407711891657,-0.5609748304808925,0.8119223343984152,-0.5449249778098341,-1.3555735383351195,3.2513733362117265,-1.6238025415294657,1.9737285516515173,-1.175735064194511,-0.41331326869757246,-0.14359163172354764,-0.06715342778730747,157,2025-11-21T14:08:22.907472,1
0.8273772438659699,0.06675029679361683,-0.4863374216869257,-0.5609748304808925,0.8119223343984152,-0.5449249778098341,0.7376951317802901,-0.3075623426146228,0.6158384251930635,-0.5066552840628717,0.8505317485662419,-0.41331326869757246,-0.14359163172354764,-0.06715342778730747,158,2025-11-21T14:08:22.907472,0
0.8273772438659699,-0.3092756154954491,-0.47400492578514347,-0.5609748304808925,0.8119223343984152,-0.5449249778098341,0.7376951317802901,-0.3075623426146228,0.6158384251930635,-0.5066552840628717,0.8505317485662419,-0.41331326869757246,-0.14359163172354764,-0.06715342778730747,159,2025-11-21T14:08:22.907472,0
0.8273772438659699,-0.3092756154954491,0.7519458402879414,5.64037224096421,-1.2316448970959013,-0.5449249778098341,0.7376951317802901,-0.3075623426146228,0.6158384251930635,-0.5066552840628717,-1.175735064194511,-0.41331326869757246,-0.14359163172354764,-0.06715342778730747,160,2025-11-21T14:08:22.907472,0
0.8273772438659699,1.1196228512030013,-0.32425318983493084,0.059159876663617626,-1.2316448970959013,-0.5449249778098341,0.7376951317802901,-0.3075623426146228,0.6158384251930635,-0.5066552840628717,0.8505317485662419,-0.41331326869757246,-0.14359163172354764,-0.06715342778730747,161,2025-11-21T14:08:22.907472,0
-0.3693648410115938,0.8188021213717487,-0.331300330350235,-0.5609748304808925,0.8119223343984152,-0.5449249778098341,-1.3555735383351195,-0.3075623426146228,0.6158384251930635,-0.5066552840628717,-1.175735064194511,2.4194722882988664,-0.14359163172354764,-0.06715342778730747,162,2025-11-21T14:08:22.907472,1
0.8273772438659699,-0.23407043303763592,-0.4918744606632361,-0.5609748304808925,0.8119223343984152,-0.5449249778098341,0.7376951317802901,-0.3075623426146228,0.6158384251930635,-0.5066552840628717,0.8505317485662419,-0.41331326869757246,-0.14359163172354764,-0.06715342778730747,163,2025-11-21T14:08:22.907472,0
0.8273772438659699,-0.9109170751579546,-0.47400492578514347,-0.5609748304808925,0.8119223343984152,-0.5449249778098341,0.7376951317802901,-0.3075623426146228,0.6158384251930635,-0.5066552840628717,0.8505317485662419,-0.41331326869757246,-0.14359163172354764,-0.06715342778730747,164,2025-11-21T14:08:22.907472,0
0.8273772438659699,-2.1141999944829655,0.1506737441786005,2.5396987052416584,-1.2316448970959013,-0.5449249778098341,0.7376951317802901,-0.3075623426146228,0.6158384251930635,-0.5066552840628717,-1.175735064194511,-0.41331326869757246,-0.14359163172354764,-0.06715342778730747,165,2025-11-21T14:08:22.907472,0
0.8273772438659699,-1.51255853482046,-0.2351571990343002,0.6792945838081278,-1.2316448970959013,-0.5449249778098341,0.7376951317802901,-0.3075623426146228,0.6158384251930635,-0.5066552840628717,-1.175735064194511,-0.41331326869757246,-0.14359163172354764,-0.06715342778730747,166,2025-11-21T14:08:22.907472,1
-1.5661069258891576,0.4427762090826827,0.4589861417231558,0.059159876663617626,-1.2316448970959013,1.8351149988007642,-1.3555735383351195,-0.3075623426146228,0.6158384251930635,-0.5066552840628717,-1.175735064194511,2.4194722882988664,-0.14359163172354764,-0.06715342778730747,167,2025-11-21T14:08:22.907472,1
0.8273772438659699,1.1948280336608146,-0.08666388103324908,2.5396987052416584,-1.2316448970959013,-0.5449249778098341,-1.3555735383351195,-0.3075623426146228,0.6158384251930635,-0.5066552840628717,-1.175735064194511,2.4194722882988664,-0.14359163172354764,-0.06715342778730747,168,2025-11-21T14:08:22.907472,0
-1.5661069258891576,0.8188021213717487,-0.12642988822675086,-0.5609748304808925,0.8119223343984152,-0.5449249778098341,0.7376951317802901,-0.3075623426146228,0.6158384251930635,-0.5066552840628717,0.8505317485662419,-0.41331326869757246,-0.14359163172354764,-0.06715342778730747,169,2025-11-21T14:08:22.907472,0
0.8273772438659699,-0.08366006812200955,0.48910360681684706,-0.5609748304808925,0.8119223343984152,-0.5449249778098341,0.7376951317802901,-0.3075623426146228,0.6158384251930635,-0.5066552840628717,0.8505317485662419,-0.41331326869757246,-0.14359163172354764,-0.06715342778730747,170,2025-11-21T14:08:22.907472,0
-1.5661069258891576,2.3981109529858253,0.026090367211616904,-0.5609748304808925,0.8119223343984152,1.8351149988007642,0.7376951317802901,-0.3075623426146228,0.6158384251930635,-0.5066552840628717,0.8505317485662419,-0.41331326869757246,-0.14359163172354764,-0.06715342778730747,171,2025-11-21T14:08:22.907472,0
0.8273772438659699,-1.8885844471095259,-0.06199888922968463,2.5396987052416584,-1.2316448970959013,-0.5449249778098341,0.7376951317802901,3.2513733362117265,-1.6238025415294657,-0.5066552840628717,-1.175735064194511,-0.41331326869757246,-0.14359163172354764,-0.06715342778730747,172,2025-11-21T14:08:22.907472,0
0.8273772438659699,-2.1141999944829655,-0.4242561406845337,0.6792945838081278,-1.2316448970959013,-0.5449249778098341,-1.3555735383351195,-0.3075623426146228,0.6158384251930635,1.9737285516515173,-1.175735064194511,-0.41331326869757246,-0.14359163172354764,-0.06715342778730747,173,2025-11-21T14:08:22.907472,1
0.8273772438659699,-0.6100963453267019,-0.4888542575852486,-0.5609748304808925,0.8119223343984152,-0.5449249778098341,0.7376951317802901,-0.3075623426146228,0.6158384251930635,-0.5066552840628717,0.8505317485662419,-0.41331326869757246,-0.14359163172354764,-0.06715342778730747,174,2025-11-21T14:08:22.907472,0
-1.5661069258891576,2.0220850406967594,-0.030371322596999754,-0.5609748304808925,0.8119223343984152,1.8351149988007642,0.7376951317802901,-0.3075623426146228,-1.6238025415294657,-0.5066552840628717,0.8505317485662419,-0.41331326869757246,-0.14359163172354764,-0.06715342778730747,175,2025-11-21T14:08:22.907472,0
0.8273772438659699,-0.8357118927001413,-0.4902797934380587,0.6792945838081278,-1.2316448970959013,-0.5449249778098341,0.7376951317802901,-0.3075623426146228,0.6158384251930635,-0.5066552840628717,0.8505317485662419,-0.41331326869757246,-0.14359163172354764,-0.06715342778730747,176,2025-11-21T14:08:22.907472,0
0.8273772438659699,-0.3092756154954491,-0.13565761536436197,1.9195639980971482,-1.2316448970959013,-0.5449249778098341,0.7376951317802901,-0.3075623426146228,0.6158384251930635,-0.5066552840628717,-1.175735064194511,-0.41331326869757246,-0.14359163172354764,-0.06715342778730747,177,2025-11-21T14:08:22.907472,0
-1.5661069258891576,1.5708539459498805,-0.07030444769415023,-0.5609748304808925,0.8119223343984152,1.8351149988007642,-1.3555735383351195,-0.3075623426146228,-1.6238025415294657,1.9737285516515173,-1.175735064194511,-0.41331326869757246,-0.14359163172354764,-0.06715342778730747,178,2025-11-21T14:08:22.907472,0
-0.3693648410115938,0.06675029679361683,-0.3866707201133388,-0.5609748304808925,0.8119223343984152,-0.5449249778098341,0.7376951317802901,-0.3075623426146228,0.6158384251930635,-0.5066552840628717,0.8505317485662419,-0.41331326869757246,-0.14359163172354764,-0.06715342778730747,179,2025-11-21T14:08:22.907472,0
0.8273772438659699,0.5179813915404959,-0.6484216535389205,-0.5609748304808925,0.8119223343984152,-0.5449249778098341,0.7376951317802901,-0.3075623426146228,0.6158384251930635,-0.5066552840628717,0.8505317485662419,-0.41331326869757246,-0.14359163172354764,-0.06715342778730747,180,2025-11-21T14:08:22.907472,0
0.8273772438659699,-0.5724937540977952,0.7519458402879414,5.64037224096421,-1.2316448970959013,-0.5449249778098341,-1.3555735383351195,-0.3075623426146228,0.6158384251930635,1.9737285516515173,-1.175735064194511,-0.41331326869757246,-0.14359163172354764,-0.06715342778730747,181,2025-11-21T14:08:22.907472,0
-0.3693648410115938,0.06675029679361683,-0.34539461138084326,-0.5609748304808925,0.8119223343984152,-0.5449249778098341,0.7376951317802901,-0.3075623426146228,-1.6238025415294657,-0.5066552840628717,0.8505317485662419,-0.41331326869757246,-0.14359163172354764,-0.06715342778730747,182,2025-11-21T14:08:22.907472,0
0.8273772438659699,-1.51255853482046,-0.016444159470040135,3.1598334123861687,-1.2316448970959013,-0.5449249778098341,0.7376951317802901,-0.3075623426146228,0.6158384251930635,-0.5066552840628717,-1.175735064194511,-0.41331326869757246,-0.14359163172354764,-0.06715342778730747,183,2025-11-21T14:08:22.907472,0
-0.3693648410115938,-2.1141999944829655,0.13683114673782454,1.299429290952638,-1.2316448970959013,1.8351149988007642,0.7376951317802901,-0.3075623426146228,0.6158384251930635,-0.5066552840628717,-1.175735064194511,-0.41331326869757246,-0.14359163172354764,-0.06715342778730747,184,2025-11-21T14:08:22.907472,1
0.8273772438659699,-1.8885844471095259,-0.20495516825442542,0.6792945838081278,-1.2316448970959013,-0.5449249778098341,-1.3555735383351195,-0.3075623426146228,0.6158384251930635,1.9737285516515173,-1.175735064194511,-0.41331326869757246,-0.14359163172354764,-0.06715342778730747,185,2025-11-21T14:08:22.907472,1
-1.5661069258891576,0.8188021213717487,0.3583127057902398,-0.5609748304808925,0.8119223343984152,1.8351149988007642,0.7376951317802901,-0.3075623426146228,0.6158384251930635,-0.5066552840628717,0.8505317485662419,-0.41331326869757246,-0.14359163172354764,-0.06715342778730747,186,2025-11-21T14:08:22.907472,0
0.8273772438659699,-0.5724937540977952,-0.3363340021468808,0.059159876663617626,-1.2316448970959013,-0.5449249778098341,-1.3555735383351195,3.2513733362117265,-1.6238025415294657,-0.5066552840628717,-1.175735064194511,2.4194722882988664,-0.14359163172354764,-0.06715342778730747,187,2025-11-21T14:08:22.907472,1
-1.5661069258891576,1.1948280336608146,-0.11384570873513637,-0.5609748304808925,0.8119223343984152,-0.5449249778098341,0.7376951317802901,-0.3075623426146228,0.6158384251930635,-0.5066552840628717,0.8505317485662419,-0.41331326869757246,-0.14359163172354764,-0.06715342778730747,188,2025-11-21T14:08:22.907472,1
0.8273772438659699,0.8188021213717487,-0.3363340021468808,0.6792945838081278,-1.2316448970959013,-0.5449249778098341,0.7376951317802901,3.2513733362117265,-1.6238025415294657,-0.5066552840628717,0.8505317485662419,-0.41331326869757246,-0.14359163172354764,-0.06715342778730747,189,2025-11-21T14:08:22.907472,0
0.8273772438659699,0.5179813915404959,-0.4894421904510968,-0.5609748304808925,0.8119223343984152,-0.5449249778098341,0.7376951317802901,-0.3075623426146228,0.6158384251930635,-0.5066552840628717,0.8505317485662419,-0.41331326869757246,-0.14359163172354764,-0.06715342778730747,190,2025-11-21T14:08:22.907472,0
-0.3693648410115938,0.2171606617092432,-0.3866707201133388,-0.5609748304808925,0.8119223343984152,-0.5449249778098341,-1.3555735383351195,-0.3075623426146228,0.6158384251930635,-0.5066552840628717,-1.175735064194511,2.4194722882988664,-0.14359163172354764,-0.06715342778730747,191,2025-11-21T14:08:22.907472,1
-0.3693648410115938,-0.7605067102423282,-0.3866707201133388,-0.5609748304808925,0.8119223343984152,-0.5449249778098341,0.7376951317802901,-0.3075623426146228,0.6158384251930635,-0.5066552840628717,0.8505317485662419,-0.41331326869757246,-0.14359163172354764,-0.06715342778730747,192,2025-11-21T14:08:22.907472,0
0.8273772438659699,-0.7605067102423282,-0.4902797934380587,0.059159876663617626,-1.2316448970959013,-0.5449249778098341,-1.3555735383351195,-0.3075623426146228,0.6158384251930635,1.9737285516515173,-1.175735064194511,-0.41331326869757246,-0.14359163172354764,-0.06715342778730747,193,2025-11-21T14:08:22.907472,1
-0.3693648410115938,-1.9637896295673392,-0.12491978668775715,0.6792945838081278,-1.2316448970959013,1.8351149988007642,0.7376951317802901,-0.3075623426146228,0.6158384251930635,-0.5066552840628717,-1.175735064194511,-0.41331326869757246,-0.14359163172354764,-0.06715342778730747,194,2025-11-21T14:08:22.907472,1
-1.5661069258891576,1.1196228512030013,-0.09027201697708476,-0.5609748304808925,0.8119223343984152,1.8351149988007642,-1.3555735383351195,-0.3075623426146228,-1.6238025415294657,-0.5066552840628717,-1.175735064194511,2.4194722882988664,-0.14359163172354764,-0.06715342778730747,195,2025-11-21T14:08:22.907472,1
-1.5661069258891576,2.172495405612386,2.301728820789,-0.5609748304808925,0.8119223343984152,1.8351149988007642,-1.3555735383351195,-0.3075623426146228,-1.6238025415294657,1.9737285516515173,-1.175735064194511,-0.41331326869757246,-0.14359163172354764,-0.06715342778730747,196,2025-11-21T14:08:22.907472,1
0.8273772438659699,-0.3092756154954491,-0.49237782784290063,-0.5609748304808925,0.8119223343984152,-0.5449249778098341,0.7376951317802901,3.2513733362117265,-1.6238025415294657,-0.5066552840628717,0.8505317485662419,-0.41331326869757246,-0.14359163172354764,-0.06715342778730747,197,2025-11-21T14:08:22.907472,0
0.8273772438659699,0.969212486287375,-0.47920571548543794,0.059159876663617626,-1.2316448970959013,-0.5449249778098341,0.7376951317802901,-0.3075623426146228,0.6158384251930635,-0.5066552840628717,0.8505317485662419,-0.41331326869757246,-0.14359163172354764,-0.06715342778730747,198,2025-11-21T14:08:22.907472,0
0.8273772438659699,-0.5724937540977952,-0.49237782784290063,-0.5609748304808925,0.8119223343984152,-0.5449249778098341,-1.3555735383351195,3.2513733362117265,-1.6238025415294657,1.9737285516515173,-1.175735064194511,-0.41331326869757246,-0.14359163172354764,-0.06715342778730747,199,2025-11-21T14:08:22.907472,1
-0.3693648410115938,-0.3844807979532623,-0.3866707201133388,-0.5609748304808925,0.8119223343984152,-0.5449249778098341,-1.3555735383351195,-0.3075623426146228,0.6158384251930635,1.9737285516515173,-1.175735064194511,-0.41331326869757246,-0.14359163172354764,-0.06715342778730747,200,2025-11-21T14:08:22.907472,0
0.8273772438659699,-0.08366006812200955,-0.45714212526638004,-0.5609748304808925,0.8119223343984152,-0.5449249778098341,0.7376951317802901,-0.3075623426146228,0.6158384251930635,-0.5066552840628717,0.8505317485662419,-0.41331326869757246,-0.14359163172354764,-0.06715342778730747,201,2025-11-21T14:08:22.907472,0
0.8273772438659699,-0.3092756154954491,0.7519458402879414,5.64037224096421,-1.2316448970959013,-0.5449249778098341,0.7376951317802901,-0.3075623426146228,0.6158384251930635,-0.5066552840628717,0.8505317485662419,-0.41331326869757246,-0.14359163172354764,-0.06715342778730747,202,2025-11-21T14:08:22.907472,0
0.8273772438659699,0.36757102662486957,-0.5176307525123133,-0.5609748304808925,0.8119223343984152,-0.5449249778098341,0.7376951317802901,-0.3075623426146228,0.6158384251930635,-0.5066552840628717,0.8505317485662419,-0.41331326869757246,-0.14359163172354764,-0.06715342778730747,203,2025-11-21T14:08:22.907472,0
0.8273772438659699,1.2324306248897212,-0.5029485386158568,-0.5609748304808925,0.8119223343984152,-0.5449249778098341,0.7376951317802901,-0.3075623426146228,-1.6238025415294657,-0.5066552840628717,0.8505317485662419,-0.41331326869757246,-0.14359163172354764,-0.06715342778730747,204,2025-11-21T14:08:22.907472,0
0.8273772438659699,-0.8357118927001413,-0.4863374216869257,-0.5609748304808925,0.8119223343984152,-0.5449249778098341,0.7376951317802901,-0.3075623426146228,0.6158384251930635,-0.5066552840628717,0.8505317485662419,-0.41331326869757246,-0.14359163172354764,-0.06715342778730747,205,2025-11-21T14:08:22.907472,1
0.8273772438659699,-2.038994812025152,-0.43776248884929375,0.059159876663617626,-1.2316448970959013,1.8351149988007642,-1.3555735383351195,-0.3075623426146228,0.6158384251930635,1.9737285516515173,-1.175735064194511,-0.41331326869757246,-0.14359163172354764,-0.06715342778730747,206,2025-11-21T14:08:22.907472,0
0.8273772438659699,0.2171606617092432,-0.32928686163157667,0.059159876663617626,-1.2316448970959013,-0.5449249778098341,0.7376951317802901,-0.3075623426146228,0.6158384251930635,-0.5066552840628717,0.8505317485662419,-0.41331326869757246,-0.14359163172354764,-0.06715342778730747,207,2025-11-21T14:08:22.907472,0
0.8273772438659699,-0.23407043303763592,-0.2701412180209885,-0.5609748304808925,0.8119223343984152,-0.5449249778098341,0.7376951317802901,-0.3075623426146228,-1.6238025415294657,-0.5066552840628717,0.8505317485662419,-0.41331326869757246,-0.14359163172354764,-0.06715342778730747,208,2025-11-21T14:08:22.907472,1
0.8273772438659699,-0.9861222576157678,-0.49237782784290063,-0.5609748304808925,0.8119223343984152,-0.5449249778098341,-1.3555735383351195,3.2513733362117265,-1.6238025415294657,1.9737285516515173,-1.175735064194511,-0.41331326869757246,-0.14359163172354764,-0.06715342778730747,209,2025-11-21T14:08:22.907472,1
-1.5661069258891576,0.8188021213717487,-0.024246350754841113,-0.5609748304808925,0.8119223343984152,1.8351149988007642,0.7376951317802901,-0.3075623426146228,-1.6238025415294657,-0.5066552840628717,0.8505317485662419,-0.41331326869757246,-0.14359163172354764,-0.06715342778730747,210,2025-11-21T14:08:22.907472,1
0.8273772438659699,-0.3844807979532623,-0.5064721088735089,-0.5609748304808925,0.8119223343984152,-0.5449249778098341,0.7376951317802901,-0.3075623426146228,0.6158384251930635,-0.5066552840628717,0.8505317485662419,-0.41331326869757246,-0.14359163172354764,-0.06715342778730747,211,2025-11-21T14:08:22.907472,0
-0.3693648410115938,0.4427762090826827,-0.22559322262067316,-0.5609748304808925,0.8119223343984152,-0.5449249778098341,-1.3555735383351195,-0.3075623426146228,0.6158384251930635,1.9737285516515173,-1.175735064194511,-0.41331326869757246,-0.14359163172354764,-0.06715342778730747,212,2025-11-21T14:08:22.907472,1
0.8273772438659699,-0.5348911628688886,-0.5024451714361923,-0.5609748304808925,0.8119223343984152,-0.5449249778098341,0.7376951317802901,-0.3075623426146228,0.6158384251930635,-0.5066552840628717,0.8505317485662419,-0.41331326869757246,-0.14359163172354764,-0.06715342778730747,213,2025-11-21T14:08:22.907472,0
-0.3693648410115938,0.06675029679361683,-0.3866707201133388,-0.5609748304808925,0.8119223343984152,-0.5449249778098341,0.7376951317802901,-0.3075623426146228,0.6158384251930635,-0.5066552840628717,0.8505317485662419,-0.41331326869757246,-0.14359163172354764,-0.06715342778730747,214,2025-11-21T14:08:22.907472,0
0.8273772438659699,-0.3092756154954491,-0.49237782784290063,0.059159876663617626,-1.2316448970959013,-0.5449249778098341,0.7376951317802901,3.2513733362117265,-1.6238025415294657,-0.5066552840628717,0.8505317485662419,-0.41331326869757246,-0.14359163172354764,-0.06715342778730747,215,2025-11-21T14:08:22.907472,0
-1.5661069258891576,0.14195547925143,1.6323350375212924,0.059159876663617626,-1.2316448970959013,1.8351149988007642,-1.3555735383351195,-0.3075623426146228,-1.6238025415294657,1.9737285516515173,-1.175735064194511,-0.41331326869757246,-0.14359163172354764,-0.06715342778730747,216,2025-11-21T14:08:22.907472,1
0.8273772438659699,-0.15886525057982273,-0.4888542575852486,-0.5609748304808925,0.8119223343984152,-0.5449249778098341,-1.3555735383351195,-0.3075623426146228,0.6158384251930635,1.9737285516515173,-1.175735064194511,-0.41331326869757246,-0.14359163172354764,-0.06715342778730747,217,2025-11-21T14:08:22.907472,1
-0.3693648410115938,0.969212486287375,-0.10478509950117394,0.059159876663617626,-1.2316448970959013,-0.5449249778098341,0.7376951317802901,-0.3075623426146228,0.6158384251930635,-0.5066552840628717,0.8505317485662419,-0.41331326869757246,-0.14359163172354764,-0.06715342778730747,218,2025-11-21T14:08:22.907472,0
-1.5661069258891576,0.2171606617092432,0.8876878608937296,-0.5609748304808925,0.8119223343984152,1.8351149988007642,-1.3555735383351195,-0.3075623426146228,-1.6238025415294657,1.9737285516515173,-1.175735064194511,-0.41331326869757246,-0.14359163172354764,-0.06715342778730747,219,2025-11-21T14:08:22.907472,1
-0.3693648410115938,0.06675029679361683,-0.43700743807979686,-0.5609748304808925,0.8119223343984152,-0.5449249778098341,0.7376951317802901,-0.3075623426146228,0.6158384251930635,-0.5066552840628717,0.8505317485662419,-0.41331326869757246,-0.14359163172354764,-0.06715342778730747,220,2025-11-21T14:08:22.907472,0
0.8273772438659699,-0.9861222576157678,-0.4863374216869257,-0.5609748304808925,0.8119223343984152,-0.5449249778098341,0.7376951317802901,-0.3075623426146228,0.6158384251930635,-0.5066552840628717,0.8505317485662419,-0.41331326869757246,-0.14359163172354764,-0.06715342778730747,221,2025-11-21T14:08:22.907472,1
-0.3693648410115938,-0.15886525057982273,-0.3866707201133388,-0.5609748304808925,0.8119223343984152,-0.5449249778098341,0.7376951317802901,-0.3075623426146228,0.6158384251930635,-0.5066552840628717,0.8505317485662419,-0.41331326869757246,-0.14359163172354764,-0.06715342778730747,222,2025-11-21T14:08:22.907472,0
0.8273772438659699,1.6460591284076938,-0.4863374216869257,-0.5609748304808925,0.8119223343984152,-0.5449249778098341,0.7376951317802901,-0.3075623426146228,0.6158384251930635,-0.5066552840628717,0.8505317485662419,-0.41331326869757246,-0.14359163172354764,-0.06715342778730747,223,2025-11-21T14:08:22.907472,0
0.8273772438659699,-0.3092756154954491,-0.4894421904510968,-0.5609748304808925,0.8119223343984152,-0.5449249778098341,0.7376951317802901,-0.3075623426146228,0.6158384251930635,-0.5066552840628717,0.8505317485662419,-0.41331326869757246,-0.14359163172354764,-0.06715342778730747,224,2025-11-21T14:08:22.907472,0
-1.5661069258891576,0.6683917564561223,1.163700193253568,0.059159876663617626,-1.2316448970959013,1.8351149988007642,0.7376951317802901,-0.3075623426146228,0.6158384251930635,-0.5066552840628717,0.8505317485662419,-0.41331326869757246,-0.14359163172354764,-0.06715342778730747,225,2025-11-21T14:08:22.907472,1
0.8273772438659699,-0.5348911628688886,-0.4601623283443675,-0.5609748304808925,0.8119223343984152,-0.5449249778098341,0.7376951317802901,-0.3075623426146228,0.6158384251930635,-0.5066552840628717,0.8505317485662419,-0.41331326869757246,-0.14359163172354764,-0.06715342778730747,226,2025-11-21T14:08:22.907472,0
-0.3693648410115938,-0.7605067102423282,-0.43700743807979686,-0.5609748304808925,0.8119223343984152,-0.5449249778098341,0.7376951317802901,-0.3075623426146228,0.6158384251930635,-0.5066552840628717,0.8505317485662419,-0.41331326869757246,-0.14359163172354764,-0.06715342778730747,227,2025-11-21T14:08:22.907472,1
0.8273772438659699,-0.6476989365556084,-0.5024451714361923,-0.5609748304808925,0.8119223343984152,-0.5449249778098341,0.7376951317802901,-0.3075623426146228,0.6158384251930635,-0.5066552840628717,0.8505317485662419,-0.41331326869757246,-0.14359163172354764,-0.06715342778730747,228,2025-11-21T14:08:22.907472,0
-0.3693648410115938,-0.8357118927001413,-0.3866707201133388,-0.5609748304808925,0.8119223343984152,-0.5449249778098341,0.7376951317802901,-0.3075623426146228,0.6158384251930635,-0.5066552840628717,0.8505317485662419,-0.41331326869757246,-0.14359163172354764,-0.06715342778730747,229,2025-11-21T14:08:22.907472,0
0.8273772438659699,-0.5724937540977952,-0.13565761536436197,1.9195639980971482,-1.2316448970959013,-0.5449249778098341,-1.3555735383351195,-0.3075623426146228,0.6158384251930635,1.9737285516515173,-1.175735064194511,-0.41331326869757246,-0.14359163172354764,-0.06715342778730747,230,2025-11-21T14:08:22.907472,0
-1.5661069258891576,0.4427762090826827,1.0323213593611125,0.059159876663617626,-1.2316448970959013,1.8351149988007642,-1.3555735383351195,-0.3075623426146228,0.6158384251930635,-0.5066552840628717,-1.175735064194511,2.4194722882988664,-0.14359163172354764,-0.06715342778730747,231,2025-11-21T14:08:22.907472,1
0.8273772438659699,-0.008454885664196365,-0.4918744606632361,-0.5609748304808925,0.8119223343984152,-0.5449249778098341,0.7376951317802901,-0.3075623426146228,0.6158384251930635,-0.5066552840628717,0.8505317485662419,-0.41331326869757246,-0.14359163172354764,-0.06715342778730747,232,2025-11-21T14:08:22.907472,0
-0.3693648410115938,2.2477005880701992,-0.3766033765200472,-0.5609748304808925,0.8119223343984152,-0.5449249778098341,0.7376951317802901,-0.3075623426146228,0.6158384251930635,-0.5066552840628717,0.8505317485662419,-0.41331326869757246,-0.14359163172354764,-0.06715342778730747,233,2025-11-21T14:08:22.907472,0
0.8273772438659699,-1.8133792646517128,-0.016444159470040135,3.1598334123861687,-1.2316448970959013,-0.5449249778098341,-1.3555735383351195,-0.3075623426146228,0.6158384251930635,1.9737285516515173,-1.175735064194511,-0.41331326869757246,-0.14359163172354764,-0.06715342778730747,234,2025-11-21T14:08:22.907472,1
-0.3693648410115938,-0.3844807979532623,-0.43700743807979686,-0.5609748304808925,0.8119223343984152,-0.5449249778098341,0.7376951317802901,-0.3075623426146228,0.6158384251930635,-0.5066552840628717,0.8505317485662419,-0.41331326869757246,-0.14359163172354764,-0.06715342778730747,235,2025-11-21T14:08:22.907472,0
0.8273772438659699,-0.5724937540977952,-0.49640476528021726,-0.5609748304808925,0.8119223343984152,-0.5449249778098341,-1.3555735383351195,-0.3075623426146228,0.6158384251930635,1.9737285516515173,-1.175735064194511,-0.41331326869757246,-0.14359163172354764,-0.06715342778730747,236,2025-11-21T14:08:22.907472,0
-0.3693648410115938,1.1196228512030013,-0.12491978668775715,0.059159876663617626,-1.2316448970959013,-0.5449249778098341,0.7376951317802901,-0.3075623426146228,0.6158384251930635,-0.5066552840628717,0.8505317485662419,-0.41331326869757246,-0.14359163172354764,-0.06715342778730747,237,2025-11-21T14:08:22.907472,0
-0.3693648410115938,-1.5877637172782733,-0.11988611489111134,0.6792945838081278,-1.2316448970959013,-0.5449249778098341,-1.3555735383351195,-0.3075623426146228,0.6158384251930635,1.9737285516515173,-1.175735064194511,-0.41331326869757246,-0.14359163172354764,-0.06715342778730747,238,2025-11-21T14:08:22.907472,1
-0.3693648410115938,-0.7605067102423282,-0.43700743807979686,-0.5609748304808925,0.8119223343984152,-0.5449249778098341,0.7376951317802901,-0.3075623426146228,0.6158384251930635,-0.5066552840628717,0.8505317485662419,-0.41331326869757246,-0.14359163172354764,-0.06715342778730747,239,2025-11-21T14:08:22.907472,0
-0.3693648410115938,0.29236584416705635,-0.4012683683236117,-0.5609748304808925,0.8119223343984152,-0.5449249778098341,0.7376951317802901,-0.3075623426146228,0.6158384251930635,-0.5066552840628717,0.8505317485662419,-0.41331326869757246,-0.14359163172354764,-0.06715342778730747,240,2025-11-21T14:08:22.907472,0
0.8273772438659699,-0.5724937540977952,-0.3573908580066095,0.059159876663617626,-1.2316448970959013,-0.5449249778098341,-1.3555735383351195,-0.3075623426146228,-1.6238025415294657,1.9737285516515173,-1.175735064194511,-0.41331326869757246,-0.14359163172354764,-0.06715342778730747,241,2025-11-21T14:08:22.907472,0
0.8273772438659699,-0.5724937540977952,-0.3363340021468808,0.059159876663617626,-1.2316448970959013,-0.5449249778098341,-1.3555735383351195,3.2513733362117265,-1.6238025415294657,1.9737285516515173,-1.175735064194511,-0.41331326869757246,-0.14359163172354764,-0.06715342778730747,242,2025-11-21T14:08:22.907472,1
-0.3693648410115938,-0.008454885664196365,-0.43700743807979686,-0.5609748304808925,0.8119223343984152,-0.5449249778098341,0.7376951317802901,-0.3075623426146228,0.6158384251930635,-0.5066552840628717,0.8505317485662419,-0.41331326869757246,-0.14359163172354764,-0.06715342778730747,243,2025-11-21T14:08:22.907472,0
0.8273772438659699,-0.5348911628688886,-0.5049620073345151,-0.5609748304808925,0.8119223343984152,-0.5449249778098341,0.7376951317802901,-0.3075623426146228,0.6158384251930635,-0.5066552840628717,0.8505317485662419,-0.41331326869757246,-0.14359163172354764,-0.06715342778730747,244,2025-11-21T14:08:22.907472,0
0.8273772438659699,0.06675029679361683,-0.5029485386158568,-0.5609748304808925,0.8119223343984152,-0.5449249778098341,0.7376951317802901,-0.3075623426146228,-1.6238025415294657,-0.5066552840628717,0.8505317485662419,-0.41331326869757246,-0.14359163172354764,-0.06715342778730747,245,2025-11-21T14:08:22.907472,0
-1.5661069258891576,1.1196228512030013,1.163700193253568,0.6792945838081278,-1.2316448970959013,1.8351149988007642,0.7376951317802901,3.2513733362117265,-1.6238025415294657,-0.5066552840628717,-1.175735064194511,-0.41331326869757246,6.96419413859206,-0.06715342778730747,246,2025-11-21T14:08:22.907472,0
0.8273772438659699,-0.3092756154954491,-0.4918744606632361,-0.5609748304808925,0.8119223343984152,-0.5449249778098341,-1.3555735383351195,-0.3075623426146228,0.6158384251930635,1.9737285516515173,-1.175735064194511,-0.41331326869757246,-0.14359163172354764,-0.06715342778730747,247,2025-11-21T14:08:22.907472,0
-0.3693648410115938,-0.3844807979532623,-0.35646868933346404,0.6792945838081278,-1.2316448970959013,-0.5449249778098341,-1.3555735383351195,-0.3075623426146228,0.6158384251930635,-0.5066552840628717,-1.175735064194511,2.4194722882988664,-0.14359163172354764,-0.06715342778730747,248,2025-11-21T14:08:22.907472,1
-1.5661069258891576,0.5931865739983091,0.40974072380221066,0.6792945838081278,-1.2316448970959013,1.8351149988007642,0.7376951317802901,-0.3075623426146228,0.6158384251930635,-0.5066552840628717,0.8505317485662419,-0.41331326869757246,-0.14359163172354764,-0.06715342778730747,249,2025-11-21T14:08:22.907472,1
-0.3693648410115938,1.8716746757811333,-0.12491978668775715,0.059159876663617626,-1.2316448970959013,-0.5449249778098341,0.7376951317802901,-0.3075623426146228,0.6158384251930635,-0.5066552840628717,-1.175735064194511,-0.41331326869757246,6.96419413859206,-0.06715342778730747,250,2025-11-21T14:08:22.907472,0
0.8273772438659699,-0.3092756154954491,-0.5024451714361923,-0.5609748304808925,0.8119223343984152,-0.5449249778098341,0.7376951317802901,-0.3075623426146228,0.6158384251930635,-0.5066552840628717,0.8505317485662419,-0.41331326869757246,-0.14359163172354764,-0.06715342778730747,251,2025-11-21T14:08:22.907472,0
0.8273772438659699,-0.008454885664196365,-0.43776248884929375,0.6792945838081278,-1.2316448970959013,1.8351149988007642,-1.3555735383351195,-0.3075623426146228,0.6158384251930635,-0.5066552840628717,-1.175735064194511,2.4194722882988664,-0.14359163172354764,-0.06715342778730747,252,2025-11-21T14:08:22.907472,0
-1.5661069258891576,2.4733161354436386,-0.11384570873513637,-0.5609748304808925,0.8119223343984152,1.8351149988007642,0.7376951317802901,-0.3075623426146228,0.6158384251930635,-0.5066552840628717,0.8505317485662419,-0.41331326869757246,-0.14359163172354764,-0.06715342778730747,253,2025-11-21T14:08:22.907472,0
0.8273772438659699,0.06675029679361683,-0.32425318983493084,0.059159876663617626,-1.2316448970959013,-0.5449249778098341,0.7376951317802901,-0.3075623426146228,0.6158384251930635,-0.5066552840628717,0.8505317485662419,-0.41331326869757246,-0.14359163172354764,-0.06715342778730747,254,2025-11-21T14:08:22.907472,0
0.8273772438659699,0.8940073038295618,-0.2414492887801075,0.6792945838081278,-1.2316448970959013,-0.5449249778098341,-1.3555735383351195,-0.3075623426146228,0.6158384251930635,-0.5066552840628717,-1.175735064194511,2.4194722882988664,-0.14359163172354764,-0.06715342778730747,255,2025-11-21T14:08:22.907472,0
0.8273772438659699,-0.008454885664196365,-0.3414522396297103,0.6792945838081278,-1.2316448970959013,-0.5449249778098341,-1.3555735383351195,-0.3075623426146228,-1.6238025415294657,-0.5066552840628717,-1.175735064194511,2.4194722882988664,-0.14359163172354764,-0.06715342778730747,256,2025-11-21T14:08:22.907472,1
-1.5661069258891576,0.4427762090826827,0.9462455716384695,-0.5609748304808925,0.8119223343984152,-0.5449249778098341,-1.3555735383351195,-0.3075623426146228,-1.6238025415294657,-0.5066552840628717,-1.175735064194511,2.4194722882988664,-0.14359163172354764,-0.06715342778730747,257,2025-11-21T14:08:22.907472,1
-1.5661069258891576,0.06675029679361683,1.093228788100527,-0.5609748304808925,0.8119223343984152,1.8351149988007642,-1.3555735383351195,-0.3075623426146228,0.6158384251930635,1.9737285516515173,-1.175735064194511,-0.41331326869757246,-0.14359163172354764,-0.06715342778730747,258,2025-11-21T14:08:22.907472,1
-1.5661069258891576,0.4427762090826827,9.667166525013505,-0.5609748304808925,0.8119223343984152,-0.5449249778098341,-1.3555735383351195,-0.3075623426146228,-1.6238025415294657,1.9737285516515173,-1.175735064194511,-0.41331326869757246,-0.14359163172354764,-0.06715342778730747,259,2025-11-21T14:08:22.907472,1
-0.3693648410115938,1.5708539459498805,-0.12491978668775715,0.059159876663617626,-1.2316448970959013,-0.5449249778098341,-1.3555735383351195,-0.3075623426146228,0.6158384251930635,-0.5066552840628717,-1.175735064194511,2.4194722882988664,-0.14359163172354764,-0.06715342778730747,260,2025-11-21T14:08:22.907472,1
0.8273772438659699,-0.3092756154954491,-0.49237782784290063,-0.5609748304808925,0.8119223343984152,-0.5449249778098341,0.7376951317802901,3.2513733362117265,-1.6238025415294657,-0.5066552840628717,0.8505317485662419,-0.41331326869757246,-0.14359163172354764,-0.06715342778730747,261,2025-11-21T14:08:22.907472,0
0.8273772438659699,-1.9637896295673392,-0.016444159470040135,3.1598334123861687,-1.2316448970959013,-0.5449249778098341,0.7376951317802901,-0.3075623426146228,0.6158384251930635,-0.5066552840628717,-1.175735064194511,-0.41331326869757246,-0.14359163172354764,-0.06715342778730747,262,2025-11-21T14:08:22.907472,1
-1.5661069258891576,1.7212643108655068,0.955306180872432,0.6792945838081278,-1.2316448970959013,1.8351149988007642,0.7376951317802901,-0.3075623426146228,0.6158384251930635,-0.5066552840628717,0.8505317485662419,-0.41331326869757246,-0.14359163172354764,-0.06715342778730747,263,2025-11-21T14:08:22.907472,0
-1.5661069258891576,0.8188021213717487,-0.6484216535389205,-0.5609748304808925,0.8119223343984152,1.8351149988007642,0.7376951317802901,-0.3075623426146228,0.6158384251930635,-0.5066552840628717,0.8505317485662419,-0.41331326869757246,-0.14359163172354764,-0.06715342778730747,264,2025-11-21T14:08:22.907472,0
0.8273772438659699,-0.5724937540977952,-0.49237782784290063,-0.5609748304808925,0.8119223343984152,-0.5449249778098341,-1.3555735383351195,3.2513733362117265,-1.6238025415294657,1.9737285516515173,-1.175735064194511,-0.41331326869757246,-0.14359163172354764,-0.06715342778730747,265,2025-11-21T14:08:22.907472,0
-0.3693648410115938,0.5179813915404959,-0.43700743807979686,-0.5609748304808925,0.8119223343984152,-0.5449249778098341,0.7376951317802901,-0.3075623426146228,0.6158384251930635,-0.5066552840628717,0.8505317485662419,-0.41331326869757246,-0.14359163172354764,-0.06715342778730747,266,2025-11-21T14:08:22.907472,0
0.8273772438659699,-0.9861222576157678,0.1506737441786005,2.5396987052416584,-1.2316448970959013,-0.5449249778098341,0.7376951317802901,-0.3075623426146228,0.6158384251930635,-0.5066552840628717,0.8505317485662419,-0.41331326869757246,-0.14359163172354764,-0.06715342778730747,267,2025-11-21T14:08:22.907472,0
0.8273772438659699,-0.3092756154954491,-0.4918744606632361,0.059159876663617626,-1.2316448970959013,-0.5449249778098341,0.7376951317802901,-0.3075623426146228,0.6158384251930635,-0.5066552840628717,0.8505317485662419,-0.41331326869757246,-0.14359163172354764,-0.06715342778730747,268,2025-11-21T14:08:22.907472,1
-1.5661069258891576,2.172495405612386,2.441497778832105,0.059159876663617626,-1.2316448970959013,1.8351149988007642,-1.3555735383351195,-0.3075623426146228,0.6158384251930635,-0.5066552840628717,-1.175735064194511,2.4194722882988664,-0.14359163172354764,-0.06715342778730747,269,2025-11-21T14:08:22.907472,1
-1.5661069258891576,0.4427762090826827,2.0825124140450755,-0.5609748304808925,0.8119223343984152,1.8351149988007642,-1.3555735383351195,-0.3075623426146228,0.6158384251930635,1.9737285516515173,-1.175735064194511,-0.41331326869757246,-0.14359163172354764,-0.06715342778730747,270,2025-11-21T14:08:22.907472,1
-1.5661069258891576,0.8188021213717487,-0.024246350754841113,-0.5609748304808925,0.8119223343984152,-0.5449249778098341,0.7376951317802901,-0.3075623426146228,0.6158384251930635,-0.5066552840628717,0.8505317485662419,-0.41331326869757246,-0.14359163172354764,-0.06715342778730747,271,2025-11-21T14:08:22.907472,0
0.8273772438659699,-0.3092756154954491,-0.6484216535389205,-0.5609748304808925,0.8119223343984152,-0.5449249778098341,0.7376951317802901,-0.3075623426146228,0.6158384251930635,-0.5066552840628717,0.8505317485662419,-0.41331326869757246,-0.14359163172354764,-0.06715342778730747,272,2025-11-21T14:08:22.907472,1
-0.3693648410115938,0.8940073038295618,-0.255795253400548,0.059159876663617626,-1.2316448970959013,-0.5449249778098341,-1.3555735383351195,-0.3075623426146228,0.6158384251930635,-0.5066552840628717,-1.175735064194511,2.4194722882988664,-0.14359163172354764,-0.06715342778730747,273,2025-11-21T14:08:22.907472,1
-1.5661069258891576,0.5931865739983091,-0.05042144409739929,0.059159876663617626,-1.2316448970959013,1.8351149988007642,0.7376951317802901,-0.3075623426146228,-1.6238025415294657,-0.5066552840628717,0.8505317485662419,-0.41331326869757246,-0.14359163172354764,-0.06715342778730747,274,2025-11-21T14:08:22.907472,0
0.8273772438659699,-0.5724937540977952,-0.49237782784290063,-0.5609748304808925,0.8119223343984152,-0.5449249778098341,-1.3555735383351195,3.2513733362117265,-1.6238025415294657,1.9737285516515173,-1.175735064194511,-0.41331326869757246,-0.14359163172354764,-0.06715342778730747,275,2025-11-21T14:08:22.907472,1
-1.5661069258891576,2.548521317901452,0.921244330558889,0.059159876663617626,-1.2316448970959013,1.8351149988007642,-1.3555735383351195,-0.3075623426146228,0.6158384251930635,1.9737285516515173,-1.175735064194511,-0.41331326869757246,-0.14359163172354764,-0.06715342778730747,276,2025-11-21T14:08:22.907472,1
0.8273772438659699,1.1948280336608146,-0.49237782784290063,-0.5609748304808925,0.8119223343984152,-0.5449249778098341,-1.3555735383351195,-0.3075623426146228,0.6158384251930635,1.9737285516515173,-1.175735064194511,-0.41331326869757246,-0.14359163172354764,-0.06715342778730747,277,2025-11-21T14:08:22.907472,0
-0.3693648410115938,0.06675029679361683,-0.6484216535389205,-0.5609748304808925,0.8119223343984152,-0.5449249778098341,0.7376951317802901,-0.3075623426146228,0.6158384251930635,-0.5066552840628717,0.8505317485662419,-0.41331326869757246,-0.14359163172354764,-0.06715342778730747,278,2025-11-21T14:08:22.907472,0
0.8273772438659699,-1.6629688997360863,-0.06199888922968463,2.5396987052416584,-1.2316448970959013,-0.5449249778098341,0.7376951317802901,3.2513733362117265,-1.6238025415294657,-0.5066552840628717,-1.175735064194511,-0.41331326869757246,-0.14359163172354764,-0.06715342778730747,279,2025-11-21T14:08:22.907472,0
0.8273772438659699,0.4427762090826827,-0.24069423801061057,0.6792945838081278,-1.2316448970959013,-0.5449249778098341,-1.3555735383351195,-0.3075623426146228,0.6158384251930635,-0.5066552840628717,-1.175735064194511,2.4194722882988664,-0.14359163172354764,-0.06715342778730747,280,2025-11-21T14:08:22.907472,1
0.8273772438659699,2.6989316828170784,-0.49237782784290063,-0.5609748304808925,0.8119223343984152,-0.5449249778098341,0.7376951317802901,3.2513733362117265,-1.6238025415294657,-0.5066552840628717,0.8505317485662419,-0.41331326869757246,-0.14359163172354764,-0.06715342778730747,281,2025-11-21T14:08:22.907472,0
0.8273772438659699,-0.08366006812200955,-0.4902797934380587,-0.5609748304808925,0.8119223343984152,-0.5449249778098341,0.7376951317802901,-0.3075623426146228,0.6158384251930635,-0.5066552840628717,0.8505317485662419,-0.41331326869757246,-0.14359163172354764,-0.06715342778730747,282,2025-11-21T14:08:22.907472,0
0.8273772438659699,-0.9861222576157678,-0.45714212526638004,-0.5609748304808925,0.8119223343984152,-0.5449249778098341,0.7376951317802901,-0.3075623426146228,0.6158384251930635,-0.5066552840628717,0.8505317485662419,-0.41331326869757246,-0.14359163172354764,-0.06715342778730747,283,2025-11-21T14:08:22.907472,0
0.8273772438659699,-0.7605067102423282,-0.4863374216869257,-0.5609748304808925,0.8119223343984152,-0.5449249778098341,0.7376951317802901,-0.3075623426146228,0.6158384251930635,-0.5066552840628717,0.8505317485662419,-0.41331326869757246,-0.14359163172354764,-0.06715342778730747,284,2025-11-21T14:08:22.907472,1
-1.5661069258891576,0.8188021213717487,-0.12491978668775715,-0.5609748304808925,0.8119223343984152,1.8351149988007642,0.7376951317802901,-0.3075623426146228,0.6158384251930635,-0.5066552840628717,0.8505317485662419,-0.41331326869757246,-0.14359163172354764,-0.06715342778730747,285,2025-11-21T14:08:22.907472,0
0.8273772438659699,0.29236584416705635,-0.47400492578514347,-0.5609748304808925,0.8119223343984152,-0.5449249778098341,0.7376951317802901,-0.3075623426146228,-1.6238025415294657,-0.5066552840628717,0.8505317485662419,-0.41331326869757246,-0.14359163172354764,-0.06715342778730747,286,2025-11-21T14:08:22.907472,0
0.8273772438659699,0.06675029679361683,-0.45714212526638004,-0.5609748304808925,0.8119223343984152,-0.5449249778098341,0.7376951317802901,-0.3075623426146228,0.6158384251930635,-0.5066552840628717,0.8505317485662419,-0.41331326869757246,-0.14359163172354764,-0.06715342778730747,287,2025-11-21T14:08:22.907472,1
0.8273772438659699,-0.5348911628688886,-0.4894421904510968,-0.5609748304808925,0.8119223343984152,-0.5449249778098341,0.7376951317802901,-0.3075623426146228,0.6158384251930635,-0.5066552840628717,0.8505317485662419,-0.41331326869757246,-0.14359163172354764,-0.06715342778730747,288,2025-11-21T14:08:22.907472,0
-0.3693648410115938,0.969212486287375,-0.3866707201133388,-0.5609748304808925,0.8119223343984152,-0.5449249778098341,0.7376951317802901,-0.3075623426146228,0.6158384251930635,-0.5066552840628717,0.8505317485662419,-0.41331326869757246,-0.14359163172354764,-0.06715342778730747,289,2025-11-21T14:08:22.907472,1
0.8273772438659699,-0.5348911628688886,-0.49237782784290063,-0.5609748304808925,0.8119223343984152,-0.5449249778098341,-1.3555735383351195,3.2513733362117265,-1.6238025415294657,1.9737285516515173,-1.175735064194511,-0.41331326869757246,-0.14359163172354764,-0.06715342778730747,290,2025-11-21T14:08:22.907472,1
-1.5661069258891576,-0.23407043303763592,0.9391984311231651,-0.5609748304808925,0.8119223343984152,-0.5449249778098341,-1.3555735383351195,-0.3075623426146228,0.6158384251930635,1.9737285516515173,-1.175735064194511,-0.41331326869757246,-0.14359163172354764,-0.06715342778730747,291,2025-11-21T14:08:22.907472,1
-1.5661069258891576,-0.7605067102423282,1.1854295476653287,0.059159876663617626,-1.2316448970959013,1.8351149988007642,-1.3555735383351195,-0.3075623426146228,-1.6238025415294657,-0.5066552840628717,-1.175735064194511,2.4194722882988664,-0.14359163172354764,-0.06715342778730747,292,2025-11-21T14:08:22.907472,1
-0.3693648410115938,0.5179813915404959,-0.3891875560116617,-0.5609748304808925,0.8119223343984152,1.8351149988007642,0.7376951317802901,-0.3075623426146228,-1.6238025415294657,-0.5066552840628717,0.8505317485662419,-0.41331326869757246,-0.14359163172354764,-0.06715342778730747,293,2025-11-21T14:08:22.907472,0
0.8273772438659699,-0.3844807979532623,-0.4702296719376591,-0.5609748304808925,0.8119223343984152,-0.5449249778098341,-1.3555735383351195,-0.3075623426146228,0.6158384251930635,1.9737285516515173,-1.175735064194511,-0.41331326869757246,-0.14359163172354764,-0.06715342778730747,294,2025-11-21T14:08:22.907472,0
0.8273772438659699,-0.3844807979532623,-0.4894421904510968,-0.5609748304808925,0.8119223343984152,-0.5449249778098341,0.7376951317802901,-0.3075623426146228,0.6158384251930635,-0.5066552840628717,0.8505317485662419,-0.41331326869757246,-0.14359163172354764,-0.06715342778730747,295,2025-11-21T14:08:22.907472,0
-1.5661069258891576,0.8188021213717487,-0.09027201697708476,-0.5609748304808925,0.8119223343984152,-0.5449249778098341,0.7376951317802901,-0.3075623426146228,-1.6238025415294657,-0.5066552840628717,0.8505317485662419,-0.41331326869757246,-0.14359163172354764,-0.06715342778730747,296,2025-11-21T14:08:22.907472,0
0.8273772438659699,-0.42208338918216887,-0.5028639729296732,-0.5609748304808925,0.8119223343984152,-0.5449249778098341,0.7376951317802901,-0.3075623426146228,-1.6238025415294657,-0.5066552840628717,0.8505317485662419,-0.41331326869757246,-0.14359163172354764,-0.06715342778730747,297,2025-11-21T14:08:22.907472,0
-1.5661069258891576,-2.038994812025152,2.4029901895877646,1.299429290952638,-1.2316448970959013,1.8351149988007642,-1.3555735383351195,-0.3075623426146228,0.6158384251930635,1.9737285516515173,-1.175735064194511,-0.41331326869757246,-0.14359163172354764,-0.06715342778730747,298,2025-11-21T14:08:22.907472,0
-1.5661069258891576,0.8188021213717487,-0.034313694348132716,-0.5609748304808925,0.8119223343984152,1.8351149988007642,0.7376951317802901,-0.3075623426146228,0.6158384251930635,-0.5066552840628717,0.8505317485662419,-0.41331326869757246,-0.14359163172354764,-0.06715342778730747,299,2025-11-21T14:08:22.907472,1
-1.5661069258891576,1.5708539459498805,4.335332226633905,0.059159876663617626,-1.2316448970959013,1.8351149988007642,-1.3555735383351195,-0.3075623426146228,-1.6238025415294657,-0.5066552840628717,-1.175735064194511,2.4194722882988664,-0.14359163172354764,-0.06715342778730747,300,2025-11-21T14:08:22.907472,1
0.8273772438659699,-0.5724937540977952,-0.49237782784290063,-0.5609748304808925,0.8119223343984152,-0.5449249778098341,-1.3555735383351195,3.2513733362117265,-1.6238025415294657,1.9737285516515173,-1.175735064194511,-0.41331326869757246,-0.14359163172354764,-0.06715342778730747,301,2025-11-21T14:08:22.907472,1
0.8273772438659699,-0.3092756154954491,-0.18029017645086096,0.6792945838081278,-1.2316448970959013,-0.5449249778098341,0.7376951317802901,3.2513733362117265,-1.6238025415294657,-0.5066552840628717,0.8505317485662419,-0.41331326869757246,-0.14359163172354764,-0.06715342778730747,302,2025-11-21T14:08:22.907472,1
0.8273772438659699,-0.7605067102423282,-0.6484216535389205,-0.5609748304808925,0.8119223343984152,-0.5449249778098341,0.7376951317802901,-0.3075623426146228,0.6158384251930635,-0.5066552840628717,0.8505317485662419,-0.41331326869757246,-0.14359163172354764,-0.06715342778730747,303,2025-11-21T14:08:22.907472,0
-0.3693648410115938,-0.08366006812200955,-0.3997582667846179,-0.5609748304808925,0.8119223343984152,1.8351149988007642,-1.3555735383351195,3.2513733362117265,-1.6238025415294657,1.9737285516515173,-1.175735064194511,-0.41331326869757246,-0.14359163172354764,-0.06715342778730747,304,2025-11-21T14:08:22.907472,1
0.8273772438659699,-0.3092756154954491,-0.4863374216869257,-0.5609748304808925,0.8119223343984152,-0.5449249778098341,0.7376951317802901,-0.3075623426146228,0.6158384251930635,-0.5066552840628717,0.8505317485662419,-0.41331326869757246,-0.14359163172354764,-0.06715342778730747,305,2025-11-21T14:08:22.907472,0
-1.5661069258891576,-2.1202164090795903,2.4029901895877646,1.299429290952638,-1.2316448970959013,1.8351149988007642,0.7376951317802901,-0.3075623426146228,0.6158384251930635,-0.5066552840628717,-1.175735064194511,-0.41331326869757246,-0.14359163172354764,-0.06715342778730747,306,2025-11-21T14:08:22.907472,1
-1.5661069258891576,0.4427762090826827,1.5841789061771412,-0.5609748304808925,0.8119223343984152,-0.5449249778098341,-1.3555735383351195,-0.3075623426146228,-1.6238025415294657,1.9737285516515173,-1.175735064194511,-0.41331326869757246,-0.14359163172354764,-0.06715342778730747,307,2025-11-21T14:08:22.907472,1
-1.5661069258891576,-0.9109170751579546,1.5442457810799908,0.059159876663617626,-1.2316448970959013,1.8351149988007642,-1.3555735383351195,-0.3075623426146228,-1.6238025415294657,-0.5066552840628717,-1.175735064194511,2.4194722882988664,-0.14359163172354764,-0.06715342778730747,308,2025-11-21T14:08:22.907472,1
-0.3693648410115938,0.06675029679361683,-0.16518916106092355,0.059159876663617626,-1.2316448970959013,-0.5449249778098341,0.7376951317802901,-0.3075623426146228,-1.6238025415294657,-0.5066552840628717,0.8505317485662419,-0.41331326869757246,-0.14359163172354764,-0.06715342778730747,309,2025-11-21T14:08:22.907472,0
-1.5661069258891576,0.06675029679361683,0.49782998024351216,-0.5609748304808925,0.8119223343984152,1.8351149988007642,-1.3555735383351195,-0.3075623426146228,-1.6238025415294657,1.9737285516515173,-1.175735064194511,-0.41331326869757246,-0.14359163172354764,-0.06715342778730747,310,2025-11-21T14:08:22.907472,1
-1.5661069258891576,-0.3844807979532623,1.0259447039291216,-0.5609748304808925,0.8119223343984152,1.8351149988007642,-1.3555735383351195,-0.3075623426146228,-1.6238025415294657,1.9737285516515173,-1.175735064194511,-0.41331326869757246,-0.14359163172354764,-0.06715342778730747,311,2025-11-21T14:08:22.907472,1
-1.5661069258891576,-0.8357118927001413,4.634416897040849,1.9195639980971482,-1.2316448970959013,1.8351149988007642,-1.3555735383351195,-0.3075623426146228,-1.6238025415294657,1.9737285516515173,-1.175735064194511,-0.41331326869757246,-0.14359163172354764,-0.06715342778730747,312,2025-11-21T14:08:22.907472,1
-0.3693648410115938,-0.23407043303763592,-0.12491978668775715,0.6792945838081278,-1.2316448970959013,-0.5449249778098341,-1.3555735383351195,-0.3075623426146228,0.6158384251930635,-0.5066552840628717,-1.175735064194511,2.4194722882988664,-0.14359163172354764,-0.06715342778730747,313,2025-11-21T14:08:22.907472,0
0.8273772438659699,-0.08366006812200955,-0.4894421904510968,-0.5609748304808925,0.8119223343984152,-0.5449249778098341,0.7376951317802901,-0.3075623426146228,0.6158384251930635,-0.5066552840628717,0.8505317485662419,-0.41331326869757246,-0.14359163172354764,-0.06715342778730747,314,2025-11-21T14:08:22.907472,0
-0.3693648410115938,1.0444176687451883,-0.11988611489111134,0.6792945838081278,-1.2316448970959013,-0.5449249778098341,0.7376951317802901,-0.3075623426146228,0.6158384251930635,-0.5066552840628717,0.8505317485662419,-0.41331326869757246,-0.14359163172354764,-0.06715342778730747,315,2025-11-21T14:08:22.907472,0
0.8273772438659699,-0.23407043303763592,-0.4902797934380587,-0.5609748304808925,0.8119223343984152,-0.5449249778098341,-1.3555735383351195,-0.3075623426146228,0.6158384251930635,1.9737285516515173,-1.175735064194511,-0.41331326869757246,-0.14359163172354764,-0.06715342778730747,316,2025-11-21T14:08:22.907472,1
-0.3693648410115938,-0.3844807979532623,-0.12491978668775715,0.059159876663617626,-1.2316448970959013,-0.5449249778098341,-1.3555735383351195,-0.3075623426146228,0.6158384251930635,-0.5066552840628717,-1.175735064194511,2.4194722882988664,-0.14359163172354764,-0.06715342778730747,317,2025-11-21T14:08:22.907472,1
-0.3693648410115938,1.8716746757811333,-0.36653603292675563,-0.5609748304808925,0.8119223343984152,-0.5449249778098341,0.7376951317802901,-0.3075623426146228,0.6158384251930635,-0.5066552840628717,-1.175735064194511,-0.41331326869757246,6.96419413859206,-0.06715342778730747,318,2025-11-21T14:08:22.907472,0
-1.5661069258891576,0.14195547925143,2.671117778445337,0.6792945838081278,-1.2316448970959013,1.8351149988007642,-1.3555735383351195,-0.3075623426146228,0.6158384251930635,1.9737285516515173,-1.175735064194511,-0.41331326869757246,-0.14359163172354764,-0.06715342778730747,319,2025-11-21T14:08:22.907472,1
-1.5661069258891576,0.8188021213717487,2.059693773056521,0.6792945838081278,-1.2316448970959013,1.8351149988007642,-1.3555735383351195,-0.3075623426146228,-1.6238025415294657,-0.5066552840628717,-1.175735064194511,2.4194722882988664,-0.14359163172354764,-0.06715342778730747,320,2025-11-21T14:08:22.907472,1
0.8273772438659699,-0.5348911628688886,-0.5024451714361923,-0.5609748304808925,0.8119223343984152,-0.5449249778098341,0.7376951317802901,-0.3075623426146228,0.6158384251930635,-0.5066552840628717,0.8505317485662419,-0.41331326869757246,-0.14359163172354764,-0.06715342778730747,321,2025-11-21T14:08:22.907472,0
0.8273772438659699,-0.15886525057982273,-0.4894421904510968,-0.5609748304808925,0.8119223343984152,-0.5449249778098341,0.7376951317802901,-0.3075623426146228,0.6158384251930635,-0.5066552840628717,0.8505317485662419,-0.41331326869757246,-0.14359163172354764,-0.06715342778730747,322,2025-11-21T14:08:22.907472,0
-0.3693648410115938,0.06675029679361683,-0.3997582667846179,-0.5609748304808925,0.8119223343984152,-0.5449249778098341,-1.3555735383351195,3.2513733362117265,-1.6238025415294657,1.9737285516515173,-1.175735064194511,-0.41331326869757246,-0.14359163172354764,-0.06715342778730747,323,2025-11-21T14:08:22.907472,1
-0.3693648410115938,-0.5348911628688886,-0.06451572512800753,0.6792945838081278,-1.2316448970959013,-0.5449249778098341,-1.3555735383351195,-0.3075623426146228,0.6158384251930635,-0.5066552840628717,-1.175735064194511,2.4194722882988664,-0.14359163172354764,-0.06715342778730747,324,2025-11-21T14:08:22.907472,1
0.8273772438659699,-0.3092756154954491,0.7519458402879414,5.64037224096421,-1.2316448970959013,-0.5449249778098341,0.7376951317802901,-0.3075623426146228,0.6158384251930635,-0.5066552840628717,0.8505317485662419,-0.41331326869757246,-0.14359163172354764,-0.06715342778730747,325,2025-11-21T14:08:22.907472,0
-1.5661069258891576,0.5179813915404959,2.0825124140450755,-0.5609748304808925,0.8119223343984152,1.8351149988007642,-1.3555735383351195,-0.3075623426146228,-1.6238025415294657,1.9737285516515173,-1.175735064194511,-0.41331326869757246,-0.14359163172354764,-0.06715342778730747,326,2025-11-21T14:08:22.907472,1
0.8273772438659699,2.3981109529858253,-0.5228315422126077,-0.5609748304808925,0.8119223343984152,-0.5449249778098341,0.7376951317802901,-0.3075623426146228,0.6158384251930635,-0.5066552840628717,0.8505317485662419,-0.41331326869757246,-0.14359163172354764,-0.06715342778730747,327,2025-11-21T14:08:22.907472,0
-0.3693648410115938,0.5179813915404959,-0.3866707201133388,-0.5609748304808925,0.8119223343984152,1.8351149988007642,-1.3555735383351195,-0.3075623426146228,0.6158384251930635,-0.5066552840628717,-1.175735064194511,2.4194722882988664,-0.14359163172354764,-0.06715342778730747,328,2025-11-21T14:08:22.907472,1
0.8273772438659699,0.14195547925143,-0.2351571990343002,0.6792945838081278,-1.2316448970959013,-0.5449249778098341,-1.3555735383351195,-0.3075623426146228,0.6158384251930635,-0.5066552840628717,-1.175735064194511,2.4194722882988664,-0.14359163172354764,-0.06715342778730747,329,2025-11-21T14:08:22.907472,1
-1.5661069258891576,-0.9861222576157678,0.5189714017894245,0.059159876663617626,-1.2316448970959013,1.8351149988007642,-1.3555735383351195,-0.3075623426146228,-1.6238025415294657,1.9737285516515173,-1.175735064194511,-0.41331326869757246,-0.14359163172354764,-0.06715342778730747,330,2025-11-21T14:08:22.907472,1
0.8273772438659699,-0.5724937540977952,-0.18029017645086096,0.6792945838081278,-1.2316448970959013,-0.5449249778098341,-1.3555735383351195,3.2513733362117265,-1.6238025415294657,1.9737285516515173,-1.175735064194511,-0.41331326869757246,-0.14359163172354764,-0.06715342778730747,331,2025-11-21T14:08:22.907472,1
-1.5661069258891576,1.2324306248897212,-0.07458306872129913,-0.5609748304808925,0.8119223343984152,1.8351149988007642,0.7376951317802901,-0.3075623426146228,0.6158384251930635,-0.5066552840628717,0.8505317485662419,-0.41331326869757246,-0.14359163172354764,-0.06715342778730747,332,2025-11-21T14:08:22.907472,0
-1.5661069258891576,0.6683917564561223,2.441497778832105,0.059159876663617626,-1.2316448970959013,1.8351149988007642,0.7376951317802901,-0.3075623426146228,0.6158384251930635,-0.5066552840628717,0.8505317485662419,-0.41331326869757246,-0.14359163172354764,-0.06715342778730747,333,2025-11-21T14:08:22.907472,0
0.8273772438659699,-0.9861222576157678,-0.2859972841804228,0.6792945838081278,-1.2316448970959013,-0.5449249778098341,0.7376951317802901,-0.3075623426146228,0.6158384251930635,-0.5066552840628717,0.8505317485662419,-0.41331326869757246,-0.14359163172354764,-0.06715342778730747,334,2025-11-21T14:08:22.907472,0
-1.5661069258891576,0.4427762090826827,2.042579288947925,0.059159876663617626,-1.2316448970959013,-0.5449249778098341,-1.3555735383351195,-0.3075623426146228,0.6158384251930635,-0.5066552840628717,-1.175735064194511,2.4194722882988664,-0.14359163172354764,-0.06715342778730747,335,2025-11-21T14:08:22.907472,1
0.8273772438659699,-0.3092756154954491,-0.4894421904510968,-0.5609748304808925,0.8119223343984152,-0.5449249778098341,0.7376951317802901,-0.3075623426146228,0.6158384251930635,-0.5066552840628717,0.8505317485662419,-0.41331326869757246,-0.14359163172354764,-0.06715342778730747,336,2025-11-21T14:08:22.907472,0
-1.5661069258891576,-0.008454885664196365,0.6925485130875209,0.059159876663617626,-1.2316448970959013,1.8351149988007642,0.7376951317802901,-0.3075623426146228,0.6158384251930635,-0.5066552840628717,0.8505317485662419,-0.41331326869757246,-0.14359163172354764,-0.06715342778730747,337,2025-11-21T14:08:22.907472,0
-1.5661069258891576,0.8940073038295618,2.059693773056521,-0.5609748304808925,0.8119223343984152,1.8351149988007642,-1.3555735383351195,-0.3075623426146228,-1.6238025415294657,1.9737285516515173,-1.175735064194511,-0.41331326869757246,-0.14359163172354764,-0.06715342778730747,338,2025-11-21T14:08:22.907472,1
0.8273772438659699,1.1948280336608146,-0.4863374216869257,-0.5609748304808925,0.8119223343984152,-0.5449249778098341,0.7376951317802901,-0.3075623426146228,0.6158384251930635,-0.5066552840628717,0.8505317485662419,-0.41331326869757246,-0.14359163172354764,-0.06715342778730747,339,2025-11-21T14:08:22.907472,1
-1.5661069258891576,1.1948280336608146,0.06635974158478332,-0.5609748304808925,0.8119223343984152,1.8351149988007642,0.7376951317802901,-0.3075623426146228,0.6158384251930635,-0.5066552840628717,0.8505317485662419,-0.41331326869757246,-0.14359163172354764,-0.06715342778730747,340,2025-11-21T14:08:22.907472,0
-0.3693648410115938,-2.038994812025152,-0.12491978668775715,0.6792945838081278,-1.2316448970959013,1.8351149988007642,0.7376951317802901,-0.3075623426146228,0.6158384251930635,-0.5066552840628717,-1.175735064194511,-0.41331326869757246,-0.14359163172354764,-0.06715342778730747,341,2025-11-21T14:08:22.907472,1
-1.5661069258891576,-0.3844807979532623,4.647001076532463,2.5396987052416584,-1.2316448970959013,1.8351149988007642,-1.3555735383351195,-0.3075623426146228,0.6158384251930635,1.9737285516515173,-1.175735064194511,-0.41331326869757246,-0.14359163172354764,-0.06715342778730747,342,2025-11-21T14:08:22.907472,1
-0.3693648410115938,-0.08366006812200955,-0.3866707201133388,-0.5609748304808925,0.8119223343984152,-0.5449249778098341,0.7376951317802901,-0.3075623426146228,0.6158384251930635,-0.5066552840628717,0.8505317485662419,-0.41331326869757246,-0.14359163172354764,-0.06715342778730747,343,2025-11-21T14:08:22.907472,0
-0.3693648410115938,-0.3092756154954491,-0.3866707201133388,-0.5609748304808925,0.8119223343984152,-0.5449249778098341,0.7376951317802901,-0.3075623426146228,0.6158384251930635,-0.5066552840628717,0.8505317485662419,-0.41331326869757246,-0.14359163172354764,-0.06715342778730747,344,2025-11-21T14:08:22.907472,0
-0.3693648410115938,0.5179813915404959,-0.3866707201133388,-0.5609748304808925,0.8119223343984152,-0.5449249778098341,0.7376951317802901,-0.3075623426146228,0.6158384251930635,-0.5066552840628717,0.8505317485662419,-0.41331326869757246,-0.14359163172354764,-0.06715342778730747,345,2025-11-21T14:08:22.907472,0
-0.3693648410115938,-0.3844807979532623,-0.3866707201133388,-0.5609748304808925,0.8119223343984152,1.8351149988007642,-1.3555735383351195,-0.3075623426146228,0.6158384251930635,1.9737285516515173,-1.175735064194511,-0.41331326869757246,-0.14359163172354764,-0.06715342778730747,346,2025-11-21T14:08:22.907472,1
-0.3693648410115938,0.8188021213717487,-0.3866707201133388,-0.5609748304808925,0.8119223343984152,-0.5449249778098341,-1.3555735383351195,-0.3075623426146228,0.6158384251930635,1.9737285516515173,-1.175735064194511,-0.41331326869757246,-0.14359163172354764,-0.06715342778730747,347,2025-11-21T14:08:22.907472,1
0.8273772438659699,-0.5724937540977952,-0.32425318983493084,0.059159876663617626,-1.2316448970959013,-0.5449249778098341,-1.3555735383351195,-0.3075623426146228,0.6158384251930635,-0.5066552840628717,-1.175735064194511,2.4194722882988664,-0.14359163172354764,-0.06715342778730747,348,2025-11-21T14:08:22.907472,1
0.8273772438659699,-1.9637896295673392,-0.32828012727224753,0.6792945838081278,-1.2316448970959013,-0.5449249778098341,0.7376951317802901,-0.3075623426146228,0.6158384251930635,-0.5066552840628717,-1.175735064194511,-0.41331326869757246,-0.14359163172354764,-0.06715342778730747,349,2025-11-21T14:08:22.907472,1
0.8273772438659699,0.969212486287375,-0.47400492578514347,-0.5609748304808925,0.8119223343984152,-0.5449249778098341,0.7376951317802901,-0.3075623426146228,0.6158384251930635,-0.5066552840628717,0.8505317485662419,-0.41331326869757246,-0.14359163172354764,-0.06715342778730747,350,2025-11-21T14:08:22.907472,0
0.8273772438659699,-0.45968598041107545,-0.4626791642426904,-0.5609748304808925,0.8119223343984152,-0.5449249778098341,0.7376951317802901,-0.3075623426146228,0.6158384251930635,-0.5066552840628717,0.8505317485662419,-0.41331326869757246,-0.14359163172354764,-0.06715342778730747,351,2025-11-21T14:08:22.907472,0
-1.5661069258891576,0.8188021213717487,0.05629239799149171,-0.5609748304808925,0.8119223343984152,1.8351149988007642,0.7376951317802901,-0.3075623426146228,0.6158384251930635,-0.5066552840628717,0.8505317485662419,-0.41331326869757246,-0.14359163172354764,-0.06715342778730747,352,2025-11-21T14:08:22.907472,0
0.8273772438659699,-1.061327440073581,-0.5028639729296732,0.6792945838081278,-1.2316448970959013,-0.5449249778098341,0.7376951317802901,-0.3075623426146228,-1.6238025415294657,-0.5066552840628717,0.8505317485662419,-0.41331326869757246,-0.14359163172354764,-0.06715342778730747,353,2025-11-21T14:08:22.907472,0
0.8273772438659699,-0.3092756154954491,-0.29002422161773944,0.059159876663617626,-1.2316448970959013,-0.5449249778098341,0.7376951317802901,-0.3075623426146228,0.6158384251930635,-0.5066552840628717,0.8505317485662419,-0.41331326869757246,-0.14359163172354764,-0.06715342778730747,354,2025-11-21T14:08:22.907472,0
0.8273772438659699,-0.3092756154954491,-0.5029485386158568,-0.5609748304808925,0.8119223343984152,-0.5449249778098341,0.7376951317802901,-0.3075623426146228,-1.6238025415294657,-0.5066552840628717,0.8505317485662419,-0.41331326869757246,-0.14359163172354764,-0.06715342778730747,355,2025-11-21T14:08:22.907472,0
0.8273772438659699,-0.08366006812200955,-0.45714212526638004,-0.5609748304808925,0.8119223343984152,-0.5449249778098341,0.7376951317802901,-0.3075623426146228,0.6158384251930635,-0.5066552840628717,0.8505317485662419,-0.41331326869757246,-0.14359163172354764,-0.06715342778730747,356,2025-11-21T14:08:22.907472,0
-1.5661069258891576,-0.5348911628688886,0.4589861417231558,0.059159876663617626,-1.2316448970959013,1.8351149988007642,-1.3555735383351195,-0.3075623426146228,0.6158384251930635,1.9737285516515173,-1.175735064194511,-0.41331326869757246,-0.14359163172354764,-0.06715342778730747,357,2025-11-21T14:08:22.907472,1
-0.3693648410115938,0.6683917564561223,-0.3866707201133388,-0.5609748304808925,0.8119223343984152,-0.5449249778098341,-1.3555735383351195,-0.3075623426146228,0.6158384251930635,1.9737285516515173,-1.175735064194511,-0.41331326869757246,-0.14359163172354764,-0.06715342778730747,358,2025-11-21T14:08:22.907472,0
0.8273772438659699,-0.5724937540977952,-0.48977642625839407,-0.5609748304808925,0.8119223343984152,-0.5449249778098341,-1.3555735383351195,3.2513733362117265,-1.6238025415294657,1.9737285516515173,-1.175735064194511,-0.41331326869757246,-0.14359163172354764,-0.06715342778730747,359,2025-11-21T14:08:22.907472,1
0.8273772438659699,-0.5724937540977952,-0.48977642625839407,-0.5609748304808925,0.8119223343984152,-0.5449249778098341,-1.3555735383351195,3.2513733362117265,-1.6238025415294657,1.9737285516515173,-1.175735064194511,-0.41331326869757246,-0.14359163172354764,-0.06715342778730747,360,2025-11-21T14:08:22.907472,1
0.8273772438659699,0.8188021213717487,-0.08666388103324908,2.5396987052416584,-1.2316448970959013,-0.5449249778098341,0.7376951317802901,-0.3075623426146228,0.6158384251930635,-0.5066552840628717,0.8505317485662419,-0.41331326869757246,-0.14359163172354764,-0.06715342778730747,361,2025-11-21T14:08:22.907472,0
-0.3693648410115938,-0.008454885664196365,-0.09027201697708476,0.059159876663617626,-1.2316448970959013,-0.5449249778098341,0.7376951317802901,-0.3075623426146228,-1.6238025415294657,-0.5066552840628717,0.8505317485662419,-0.41331326869757246,-0.14359163172354764,-0.06715342778730747,362,2025-11-21T14:08:22.907472,0
0.8273772438659699,1.1948280336608146,-0.3573908580066095,0.059159876663617626,-1.2316448970959013,-0.5449249778098341,-1.3555735383351195,-0.3075623426146228,-1.6238025415294657,-0.5066552840628717,-1.175735064194511,2.4194722882988664,-0.14359163172354764,-0.06715342778730747,363,2025-11-21T14:08:22.907472,0
0.8273772438659699,0.4427762090826827,-0.5064721088735089,-0.5609748304808925,0.8119223343984152,-0.5449249778098341,0.7376951317802901,-0.3075623426146228,0.6158384251930635,-0.5066552840628717,0.8505317485662419,-0.41331326869757246,-0.14359163172354764,-0.06715342778730747,364,2025-11-21T14:08:22.907472,0
0.8273772438659699,-0.3092756154954491,-0.3363340021468808,0.059159876663617626,-1.2316448970959013,-0.5449249778098341,0.7376951317802901,3.2513733362117265,-1.6238025415294657,-0.5066552840628717,0.8505317485662419,-0.41331326869757246,-0.14359163172354764,-0.06715342778730747,365,2025-11-21T14:08:22.907472,0
0.8273772438659699,0.06675029679361683,-0.5024451714361923,-0.5609748304808925,0.8119223343984152,-0.5449249778098341,0.7376951317802901,-0.3075623426146228,0.6158384251930635,-0.5066552840628717,0.8505317485662419,-0.41331326869757246,-0.14359163172354764,-0.06715342778730747,366,2025-11-21T14:08:22.907472,0
-1.5661069258891576,2.3229057705280125,0.8667135572514657,0.059159876663617626,-1.2316448970959013,1.8351149988007642,-1.3555735383351195,-0.3075623426146228,-1.6238025415294657,-0.5066552840628717,-1.175735064194511,2.4194722882988664,-0.14359163172354764,-0.06715342778730747,367,2025-11-21T14:08:22.907472,1
0.8273772438659699,-0.5724937540977952,-0.5028639729296732,-0.5609748304808925,0.8119223343984152,-0.5449249778098341,-1.3555735383351195,-0.3075623426146228,-1.6238025415294657,-0.5066552840628717,-1.175735064194511,2.4194722882988664,-0.14359163172354764,-0.06715342778730747,368,2025-11-21T14:08:22.907472,1
0.8273772438659699,-0.5724937540977952,-0.49237782784290063,-0.5609748304808925,0.8119223343984152,-0.5449249778098341,-1.3555735383351195,3.2513733362117265,-1.6238025415294657,1.9737285516515173,-1.175735064194511,-0.41331326869757246,-0.14359163172354764,-0.06715342778730747,369,2025-11-21T14:08:22.907472,1
-1.5661069258891576,-0.3844807979532623,0.7469121684912956,-0.5609748304808925,0.8119223343984152,1.8351149988007642,-1.3555735383351195,-0.3075623426146228,-1.6238025415294657,-0.5066552840628717,-1.175735064194511,2.4194722882988664,-0.14359163172354764,-0.06715342778730747,370,2025-11-21T14:08:22.907472,1
-1.5661069258891576,-0.3092756154954491,0.4678796330534696,0.059159876663617626,-1.2316448970959013,1.8351149988007642,0.7376951317802901,-0.3075623426146228,-1.6238025415294657,-0.5066552840628717,0.8505317485662419,-0.41331326869757246,-0.14359163172354764,-0.06715342778730747,371,2025-11-21T14:08:22.907472,1
0.8273772438659699,-0.8357118927001413,-0.5176307525123133,0.059159876663617626,-1.2316448970959013,-0.5449249778098341,0.7376951317802901,-0.3075623426146228,0.6158384251930635,-0.5066552840628717,0.8505317485662419,-0.41331326869757246,-0.14359163172354764,-0.06715342778730747,372,2025-11-21T14:08:22.907472,0
0.8273772438659699,-0.7605067102423282,-0.4863374216869257,-0.5609748304808925,0.8119223343984152,-0.5449249778098341,0.7376951317802901,-0.3075623426146228,0.6158384251930635,-0.5066552840628717,0.8505317485662419,-0.41331326869757246,-0.14359163172354764,-0.06715342778730747,373,2025-11-21T14:08:22.907472,0
-1.5661069258891576,-0.5348911628688886,2.0825124140450755,-0.5609748304808925,0.8119223343984152,-0.5449249778098341,0.7376951317802901,-0.3075623426146228,-1.6238025415294657,-0.5066552840628717,0.8505317485662419,-0.41331326869757246,-0.14359163172354764,-0.06715342778730747,374,2025-11-21T14:08:22.907472,0
0.8273772438659699,-1.9637896295673392,-0.22408312108167944,1.9195639980971482,-1.2316448970959013,-0.5449249778098341,-1.3555735383351195,-0.3075623426146228,0.6158384251930635,1.9737285516515173,-1.175735064194511,-0.41331326869757246,-0.14359163172354764,-0.06715342778730747,375,2025-11-21T14:08:22.907472,0
-1.5661069258891576,0.4427762090826827,1.0060617003323709,0.059159876663617626,-1.2316448970959013,-0.5449249778098341,-1.3555735383351195,-0.3075623426146228,-1.6238025415294657,-0.5066552840628717,-1.175735064194511,2.4194722882988664,-0.14359163172354764,-0.06715342778730747,376,2025-11-21T14:08:22.907472,1
0.8273772438659699,-0.5348911628688886,-0.5024451714361923,-0.5609748304808925,0.8119223343984152,-0.5449249778098341,-1.3555735383351195,-0.3075623426146228,0.6158384251930635,1.9737285516515173,-1.175735064194511,-0.41331326869757246,-0.14359163172354764,-0.06715342778730747,377,2025-11-21T14:08:22.907472,1
-1.5661069258891576,-0.15886525057982273,3.610064686423428,0.6792945838081278,-1.2316448970959013,1.8351149988007642,0.7376951317802901,-0.3075623426146228,-1.6238025415294657,-0.5066552840628717,0.8505317485662419,-0.41331326869757246,-0.14359163172354764,-0.06715342778730747,378,2025-11-21T14:08:22.907472,0
0.8273772438659699,-0.685301527784515,-0.5676312212027554,-0.5609748304808925,0.8119223343984152,-0.5449249778098341,0.7376951317802901,-0.3075623426146228,-1.6238025415294657,-0.5066552840628717,0.8505317485662419,-0.41331326869757246,-0.14359163172354764,-0.06715342778730747,379,2025-11-21T14:08:22.907472,0
0.8273772438659699,-0.7605067102423282,-0.4918744606632361,-0.5609748304808925,0.8119223343984152,-0.5449249778098341,0.7376951317802901,-0.3075623426146228,0.6158384251930635,-0.5066552840628717,0.8505317485662419,-0.41331326869757246,-0.14359163172354764,-0.06715342778730747,380,2025-11-21T14:08:22.907472,0
-1.5661069258891576,0.969212486287375,3.9327230485884233,-0.5609748304808925,0.8119223343984152,-0.5449249778098341,-1.3555735383351195,-0.3075623426146228,-1.6238025415294657,1.9737285516515173,-1.175735064194511,-0.41331326869757246,-0.14359163172354764,-0.06715342778730747,381,2025-11-21T14:08:22.907472,1
0.8273772438659699,-2.1141999944829655,-0.33146744825388363,0.6792945838081278,-1.2316448970959013,-0.5449249778098341,-1.3555735383351195,-0.3075623426146228,-1.6238025415294657,1.9737285516515173,-1.175735064194511,-0.41331326869757246,-0.14359163172354764,-0.06715342778730747,382,2025-11-21T14:08:22.907472,1
0.8273772438659699,0.2171606617092432,-0.4888542575852486,-0.5609748304808925,0.8119223343984152,-0.5449249778098341,0.7376951317802901,-0.3075623426146228,0.6158384251930635,-0.5066552840628717,0.8505317485662419,-0.41331326869757246,-0.14359163172354764,-0.06715342778730747,383,2025-11-21T14:08:22.907472,0
-1.5661069258891576,0.4427762090826827,0.39858208016340624,0.059159876663617626,-1.2316448970959013,-0.5449249778098341,-1.3555735383351195,-0.3075623426146228,0.6158384251930635,-0.5066552840628717,-1.175735064194511,2.4194722882988664,-0.14359163172354764,-0.06715342778730747,384,2025-11-21T14:08:22.907472,1
0.8273772438659699,-0.3092756154954491,-0.4894421904510968,-0.5609748304808925,0.8119223343984152,-0.5449249778098341,0.7376951317802901,-0.3075623426146228,0.6158384251930635,-0.5066552840628717,0.8505317485662419,-0.41331326869757246,-0.14359163172354764,-0.06715342778730747,385,2025-11-21T14:08:22.907472,0
-0.3693648410115938,-0.8357118927001413,0.8314778546749452,-0.5609748304808925,0.8119223343984152,-0.5449249778098341,0.7376951317802901,-0.3075623426146228,0.6158384251930635,-0.5066552840628717,0.8505317485662419,-0.41331326869757246,-0.14359163172354764,-0.06715342778730747,386,2025-11-21T14:08:22.907472,0
0.8273772438659699,-2.1141999944829655,0.2958951755118318,3.779968119530679,-1.2316448970959013,-0.5449249778098341,0.7376951317802901,-0.3075623426146228,0.6158384251930635,-0.5066552840628717,-1.175735064194511,-0.41331326869757246,-0.14359163172354764,-0.06715342778730747,387,2025-11-21T14:08:22.907472,0
-0.3693648410115938,0.5179813915404959,-0.3866707201133388,-0.5609748304808925,0.8119223343984152,-0.5449249778098341,-1.3555735383351195,-0.3075623426146228,0.6158384251930635,1.9737285516515173,-1.175735064194511,-0.41331326869757246,-0.14359163172354764,-0.06715342778730747,388,2025-11-21T14:08:22.907472,1
0.8273772438659699,-0.3092756154954491,-0.49279662933638163,-0.5609748304808925,0.8119223343984152,-0.5449249778098341,0.7376951317802901,3.2513733362117265,-1.6238025415294657,-0.5066552840628717,0.8505317485662419,-0.41331326869757246,-0.14359163172354764,-0.06715342778730747,389,2025-11-21T14:08:22.907472,0
-0.3693648410115938,-0.9109170751579546,-0.40680540729992204,-0.5609748304808925,0.8119223343984152,-0.5449249778098341,-1.3555735383351195,-0.3075623426146228,-1.6238025415294657,1.9737285516515173,-1.175735064194511,-0.41331326869757246,-0.14359163172354764,-0.06715342778730747,390,2025-11-21T14:08:22.907472,1
-1.5661069258891576,0.5179813915404959,1.7677408088510642,1.299429290952638,-1.2316448970959013,1.8351149988007642,0.7376951317802901,-0.3075623426146228,0.6158384251930635,-0.5066552840628717,0.8505317485662419,-0.41331326869757246,-0.14359163172354764,-0.06715342778730747,391,2025-11-21T14:08:22.907472,1
0.8273772438659699,-0.6100963453267019,-0.49145565916975514,-0.5609748304808925,0.8119223343984152,-0.5449249778098341,0.7376951317802901,-0.3075623426146228,0.6158384251930635,-0.5066552840628717,0.8505317485662419,-0.41331326869757246,-0.14359163172354764,-0.06715342778730747,392,2025-11-21T14:08:22.907472,1
0.8273772438659699,-0.08366006812200955,-0.4888542575852486,0.6792945838081278,-1.2316448970959013,-0.5449249778098341,0.7376951317802901,-0.3075623426146228,0.6158384251930635,-0.5066552840628717,0.8505317485662419,-0.41331326869757246,-0.14359163172354764,-0.06715342778730747,393,2025-11-21T14:08:22.907472,0
-1.5661069258891576,-0.45968598041107545,1.6323350375212924,0.059159876663617626,-1.2316448970959013,1.8351149988007642,-1.3555735383351195,-0.3075623426146228,-1.6238025415294657,1.9737285516515173,-1.175735064194511,-0.41331326869757246,-0.14359163172354764,-0.06715342778730747,394,2025-11-21T14:08:22.907472,1
0.8273772438659699,-0.3844807979532623,-0.312172377522981,0.6792945838081278,-1.2316448970959013,1.8351149988007642,-1.3555735383351195,-0.3075623426146228,0.6158384251930635,-0.5066552840628717,-1.175735064194511,2.4194722882988664,-0.14359163172354764,-0.06715342778730747,395,2025-11-21T14:08:22.907472,1
0.8273772438659699,-0.5348911628688886,-0.49145565916975514,-0.5609748304808925,0.8119223343984152,-0.5449249778098341,0.7376951317802901,-0.3075623426146228,0.6158384251930635,-0.5066552840628717,0.8505317485662419,-0.41331326869757246,-0.14359163172354764,-0.06715342778730747,396,2025-11-21T14:08:22.907472,0
0.8273772438659699,0.14195547925143,-0.4902797934380587,-0.5609748304808925,0.8119223343984152,-0.5449249778098341,-1.3555735383351195,-0.3075623426146228,0.6158384251930635,1.9737285516515173,-1.175735064194511,-0.41331326869757246,-0.14359163172354764,-0.06715342778730747,397,2025-11-21T14:08:22.907472,0
-0.3693648410115938,1.2700332161186279,-0.12491978668775715,-0.5609748304808925,0.8119223343984152,-0.5449249778098341,0.7376951317802901,-0.3075623426146228,0.6158384251930635,-0.5066552840628717,0.8505317485662419,-0.41331326869757246,-0.14359163172354764,-0.06715342778730747,398,2025-11-21T14:08:22.907472,0
-0.3693648410115938,-0.45968598041107545,-0.43700743807979686,-0.5609748304808925,0.8119223343984152,-0.5449249778098341,0.7376951317802901,-0.3075623426146228,0.6158384251930635,-0.5066552840628717,-1.175735064194511,-0.41331326869757246,6.96419413859206,-0.06715342778730747,399,2025-11-21T14:08:22.907472,0
-0.3693648410115938,-0.08366006812200955,-0.393717860628643,-0.5609748304808925,0.8119223343984152,-0.5449249778098341,-1.3555735383351195,-0.3075623426146228,0.6158384251930635,-0.5066552840628717,-1.175735064194511,2.4194722882988664,-0.14359163172354764,-0.06715342778730747,400,2025-11-21T14:08:22.907472,1
0.8273772438659699,0.7435969389139355,-0.4888542575852486,-0.5609748304808925,0.8119223343984152,-0.5449249778098341,0.7376951317802901,-0.3075623426146228,0.6158384251930635,-0.5066552840628717,0.8505317485662419,-0.41331326869757246,-0.14359163172354764,-0.06715342778730747,401,2025-11-21T14:08:22.907472,1
0.8273772438659699,-0.23407043303763592,-0.4863374216869257,-0.5609748304808925,0.8119223343984152,-0.5449249778098341,0.7376951317802901,-0.3075623426146228,0.6158384251930635,-0.5066552840628717,0.8505317485662419,-0.41331326869757246,-0.14359163172354764,-0.06715342778730747,402,2025-11-21T14:08:22.907472,0
0.8273772438659699,-0.6100963453267019,-0.4505983519307405,0.059159876663617626,-1.2316448970959013,-0.5449249778098341,-1.3555735383351195,-0.3075623426146228,0.6158384251930635,1.9737285516515173,-1.175735064194511,-0.41331326869757246,-0.14359163172354764,-0.06715342778730747,403,2025-11-21T14:08:22.907472,0
0.8273772438659699,-0.08366006812200955,-0.32928686163157667,0.059159876663617626,-1.2316448970959013,-0.5449249778098341,0.7376951317802901,-0.3075623426146228,0.6158384251930635,-0.5066552840628717,0.8505317485662419,-0.41331326869757246,-0.14359163172354764,-0.06715342778730747,404,2025-11-21T14:08:22.907472,0
0.8273772438659699,-0.685301527784515,-0.47400492578514347,-0.5609748304808925,0.8119223343984152,-0.5449249778098341,-1.3555735383351195,-0.3075623426146228,0.6158384251930635,1.9737285516515173,-1.175735064194511,-0.41331326869757246,-0.14359163172354764,-0.06715342778730747,405,2025-11-21T14:08:22.907472,0
-0.3693648410115938,0.36757102662486957,-0.22559322262067316,0.059159876663617626,-1.2316448970959013,-0.5449249778098341,0.7376951317802901,-0.3075623426146228,0.6158384251930635,-0.5066552840628717,0.8505317485662419,-0.41331326869757246,-0.14359163172354764,-0.06715342778730747,406,2025-11-21T14:08:22.907472,0
0.8273772438659699,1.6460591284076938,-0.49237782784290063,-0.5609748304808925,0.8119223343984152,-0.5449249778098341,0.7376951317802901,-0.3075623426146228,0.6158384251930635,-0.5066552840628717,0.8505317485662419,-0.41331326869757246,-0.14359163172354764,-0.06715342778730747,407,2025-11-21T14:08:22.907472,0
-0.3693648410115938,-1.9637896295673392,-0.2708962687904854,0.6792945838081278,-1.2316448970959013,-0.5449249778098341,0.7376951317802901,-0.3075623426146228,0.6158384251930635,-0.5066552840628717,-1.175735064194511,-0.41331326869757246,-0.14359163172354764,-0.06715342778730747,408,2025-11-21T14:08:22.907472,1
0.8273772438659699,-0.6100963453267019,-0.4918744606632361,-0.5609748304808925,0.8119223343984152,-0.5449249778098341,0.7376951317802901,-0.3075623426146228,0.6158384251930635,-0.5066552840628717,0.8505317485662419,-0.41331326869757246,-0.14359163172354764,-0.06715342778730747,409,2025-11-21T14:08:22.907472,0
0.8273772438659699,-0.5724937540977952,-0.13565761536436197,1.9195639980971482,-1.2316448970959013,-0.5449249778098341,-1.3555735383351195,-0.3075623426146228,0.6158384251930635,1.9737285516515173,-1.175735064194511,-0.41331326869757246,-0.14359163172354764,-0.06715342778730747,410,2025-11-21T14:08:22.907472,0
0.8273772438659699,-0.3092756154954491,-0.4894421904510968,-0.5609748304808925,0.8119223343984152,-0.5449249778098341,0.7376951317802901,-0.3075623426146228,0.6158384251930635,-0.5066552840628717,0.8505317485662419,-0.41331326869757246,-0.14359163172354764,-0.06715342778730747,411,2025-11-21T14:08:22.907472,0
0.8273772438659699,-0.3092756154954491,-0.5103319284071769,-0.5609748304808925,0.8119223343984152,-0.5449249778098341,0.7376951317802901,3.2513733362117265,-1.6238025415294657,-0.5066552840628717,0.8505317485662419,-0.41331326869757246,-0.14359163172354764,-0.06715342778730747,412,2025-11-21T14:08:22.907472,0
-1.5661069258891576,0.29236584416705635,1.163700193253568,0.059159876663617626,-1.2316448970959013,1.8351149988007642,-1.3555735383351195,3.2513733362117265,-1.6238025415294657,1.9737285516515173,-1.175735064194511,-0.41331326869757246,-0.14359163172354764,-0.06715342778730747,413,2025-11-21T14:08:22.907472,1
-0.3693648410115938,0.06675029679361683,-0.6484216535389205,-0.5609748304808925,0.8119223343984152,-0.5449249778098341,0.7376951317802901,-0.3075623426146228,0.6158384251930635,-0.5066552840628717,0.8505317485662419,-0.41331326869757246,-0.14359163172354764,-0.06715342778730747,414,2025-11-21T14:08:22.907472,0
0.8273772438659699,1.1196228512030013,-0.4888542575852486,-0.5609748304808925,0.8119223343984152,-0.5449249778098341,0.7376951317802901,-0.3075623426146228,0.6158384251930635,-0.5066552840628717,0.8505317485662419,-0.41331326869757246,-0.14359163172354764,-0.06715342778730747,415,2025-11-21T14:08:22.907472,1
0.8273772438659699,-0.5724937540977952,-0.4863374216869257,-0.5609748304808925,0.8119223343984152,-0.5449249778098341,-1.3555735383351195,-0.3075623426146228,0.6158384251930635,-0.5066552840628717,-1.175735064194511,2.4194722882988664,-0.14359163172354764,-0.06715342778730747,416,2025-11-21T14:08:22.907472,0
-0.3693648410115938,0.36757102662486957,0.005955680025033696,0.6792945838081278,-1.2316448970959013,-0.5449249778098341,-1.3555735383351195,-0.3075623426146228,0.6158384251930635,-0.5066552840628717,-1.175735064194511,2.4194722882988664,-0.14359163172354764,-0.06715342778730747,417,2025-11-21T14:08:22.907472,1
-0.3693648410115938,-0.8357118927001413,-0.3866707201133388,0.6792945838081278,-1.2316448970959013,-0.5449249778098341,-1.3555735383351195,-0.3075623426146228,0.6158384251930635,1.9737285516515173,-1.175735064194511,-0.41331326869757246,-0.14359163172354764,-0.06715342778730747,418,2025-11-21T14:08:22.907472,1
-0.3693648410115938,0.06675029679361683,-0.3866707201133388,-0.5609748304808925,0.8119223343984152,-0.5449249778098341,0.7376951317802901,-0.3075623426146228,0.6158384251930635,-0.5066552840628717,0.8505317485662419,-0.41331326869757246,-0.14359163172354764,-0.06715342778730747,419,2025-11-21T14:08:22.907472,0
0.8273772438659699,-1.437353352362647,-0.1621689579829361,0.6792945838081278,-1.2316448970959013,-0.5449249778098341,-1.3555735383351195,-0.3075623426146228,0.6158384251930635,1.9737285516515173,-1.175735064194511,-0.41331326869757246,-0.14359163172354764,-0.06715342778730747,420,2025-11-21T14:08:22.907472,0
0.8273772438659699,-0.3092756154954491,-0.4894421904510968,-0.5609748304808925,0.8119223343984152,-0.5449249778098341,0.7376951317802901,-0.3075623426146228,-1.6238025415294657,-0.5066552840628717,0.8505317485662419,-0.41331326869757246,-0.14359163172354764,-0.06715342778730747,421,2025-11-21T14:08:22.907472,0
0.8273772438659699,-0.6100963453267019,-0.49271407711891657,-0.5609748304808925,0.8119223343984152,-0.5449249778098341,0.7376951317802901,3.2513733362117265,-1.6238025415294657,-0.5066552840628717,0.8505317485662419,-0.41331326869757246,-0.14359163172354764,-0.06715342778730747,422,2025-11-21T14:08:22.907472,0
0.8273772438659699,-0.008454885664196365,-0.4898609919445778,-0.5609748304808925,0.8119223343984152,-0.5449249778098341,0.7376951317802901,-0.3075623426146228,0.6158384251930635,-0.5066552840628717,0.8505317485662419,-0.41331326869757246,-0.14359163172354764,-0.06715342778730747,423,2025-11-21T14:08:22.907472,0
0.8273772438659699,-0.08366006812200955,-0.35848215805212236,0.6792945838081278,-1.2316448970959013,-0.5449249778098341,-1.3555735383351195,-0.3075623426146228,0.6158384251930635,-0.5066552840628717,-1.175735064194511,2.4194722882988664,-0.14359163172354764,-0.06715342778730747,424,2025-11-21T14:08:22.907472,0
0.8273772438659699,-0.8357118927001413,-0.2414492887801075,0.6792945838081278,-1.2316448970959013,-0.5449249778098341,0.7376951317802901,-0.3075623426146228,0.6158384251930635,-0.5066552840628717,0.8505317485662419,-0.41331326869757246,-0.14359163172354764,-0.06715342778730747,425,2025-11-21T14:08:22.907472,0
0.8273772438659699,-0.3092756154954491,-0.5024451714361923,-0.5609748304808925,0.8119223343984152,-0.5449249778098341,0.7376951317802901,-0.3075623426146228,0.6158384251930635,-0.5066552840628717,0.8505317485662419,-0.41331326869757246,-0.14359163172354764,-0.06715342778730747,426,2025-11-21T14:08:22.907472,0
-0.3693648410115938,-0.08366006812200955,-0.12491978668775715,0.059159876663617626,-1.2316448970959013,-0.5449249778098341,-1.3555735383351195,-0.3075623426146228,0.6158384251930635,-0.5066552840628717,-1.175735064194511,2.4194722882988664,-0.14359163172354764,-0.06715342778730747,427,2025-11-21T14:08:22.907472,1
-0.3693648410115938,-0.7605067102423282,-0.12491978668775715,-0.5609748304808925,0.8119223343984152,-0.5449249778098341,-1.3555735383351195,-0.3075623426146228,0.6158384251930635,1.9737285516515173,-1.175735064194511,-0.41331326869757246,-0.14359163172354764,-0.06715342778730747,428,2025-11-21T14:08:22.907472,1
0.8273772438659699,-0.3092756154954491,-0.49237782784290063,-0.5609748304808925,0.8119223343984152,-0.5449249778098341,0.7376951317802901,3.2513733362117265,-1.6238025415294657,-0.5066552840628717,0.8505317485662419,-0.41331326869757246,-0.14359163172354764,-0.06715342778730747,429,2025-11-21T14:08:22.907472,0
0.8273772438659699,0.2171606617092432,-0.4863374216869257,-0.5609748304808925,0.8119223343984152,1.8351149988007642,0.7376951317802901,-0.3075623426146228,0.6158384251930635,-0.5066552840628717,0.8505317485662419,-0.41331326869757246,-0.14359163172354764,-0.06715342778730747,430,2025-11-21T14:08:22.907472,1
-1.5661069258891576,-0.08366006812200955,-0.11384570873513637,-0.5609748304808925,0.8119223343984152,1.8351149988007642,0.7376951317802901,-0.3075623426146228,0.6158384251930635,-0.5066552840628717,0.8505317485662419,-0.41331326869757246,-0.14359163172354764,-0.06715342778730747,431,2025-11-21T14:08:22.907472,1
0.8273772438659699,-0.5724937540977952,-0.32425318983493084,0.059159876663617626,-1.2316448970959013,-0.5449249778098341,-1.3555735383351195,-0.3075623426146228,0.6158384251930635,-0.5066552840628717,-1.175735064194511,2.4194722882988664,-0.14359163172354764,-0.06715342778730747,432,2025-11-21T14:08:22.907472,1
-0.3693648410115938,0.969212486287375,-0.12491978668775715,0.059159876663617626,-1.2316448970959013,-0.5449249778098341,-1.3555735383351195,-0.3075623426146228,0.6158384251930635,-0.5066552840628717,-1.175735064194511,2.4194722882988664,-0.14359163172354764,-0.06715342778730747,433,2025-11-21T14:08:22.907472,1
0.8273772438659699,-0.9109170751579546,-0.5049620073345151,-0.5609748304808925,0.8119223343984152,-0.5449249778098341,0.7376951317802901,-0.3075623426146228,0.6158384251930635,-0.5066552840628717,0.8505317485662419,-0.41331326869757246,-0.14359163172354764,-0.06715342778730747,434,2025-11-21T14:08:22.907472,0
-1.5661069258891576,1.5708539459498805,0.4771073601910807,0.059159876663617626,-1.2316448970959013,1.8351149988007642,0.7376951317802901,-0.3075623426146228,0.6158384251930635,-0.5066552840628717,0.8505317485662419,-0.41331326869757246,-0.14359163172354764,-0.06715342778730747,435,2025-11-21T14:08:22.907472,0
-1.5661069258891576,-1.136532622531394,1.7677408088510642,1.299429290952638,-1.2316448970959013,1.8351149988007642,-1.3555735383351195,-0.3075623426146228,0.6158384251930635,1.9737285516515173,-1.175735064194511,-0.41331326869757246,-0.14359163172354764,-0.06715342778730747,436,2025-11-21T14:08:22.907472,1
0.8273772438659699,-0.6100963453267019,0.04370821849987721,1.9195639980971482,-1.2316448970959013,-0.5449249778098341,-1.3555735383351195,-0.3075623426146228,0.6158384251930635,1.9737285516515173,-1.175735064194511,-0.41331326869757246,-0.14359163172354764,-0.06715342778730747,437,2025-11-21T14:08:22.907472,0
-0.3693648410115938,-0.3844807979532623,-0.2708962687904854,2.5396987052416584,-1.2316448970959013,-0.5449249778098341,-1.3555735383351195,-0.3075623426146228,0.6158384251930635,-0.5066552840628717,-1.175735064194511,2.4194722882988664,-0.14359163172354764,-0.06715342778730747,438,2025-11-21T14:08:22.907472,1
-1.5661069258891576,2.623726500359265,4.647001076532463,2.5396987052416584,-1.2316448970959013,1.8351149988007642,0.7376951317802901,-0.3075623426146228,0.6158384251930635,-0.5066552840628717,0.8505317485662419,-0.41331326869757246,-0.14359163172354764,-0.06715342778730747,439,2025-11-21T14:08:22.907472,0
-0.3693648410115938,0.14195547925143,-0.43700743807979686,-0.5609748304808925,0.8119223343984152,-0.5449249778098341,0.7376951317802901,-0.3075623426146228,0.6158384251930635,-0.5066552840628717,0.8505317485662419,-0.41331326869757246,-0.14359163172354764,-0.06715342778730747,440,2025-11-21T14:08:22.907472,0
-0.3693648410115938,1.1948280336608146,-0.11988611489111134,0.6792945838081278,-1.2316448970959013,-0.5449249778098341,-1.3555735383351195,-0.3075623426146228,0.6158384251930635,-0.5066552840628717,-1.175735064194511,2.4194722882988664,-0.14359163172354764,-0.06715342778730747,441,2025-11-21T14:08:22.907472,1
0.8273772438659699,-0.685301527784515,-0.45714212526638004,-0.5609748304808925,0.8119223343984152,-0.5449249778098341,0.7376951317802901,-0.3075623426146228,0.6158384251930635,-0.5066552840628717,0.8505317485662419,-0.41331326869757246,-0.14359163172354764,-0.06715342778730747,442,2025-11-21T14:08:22.907472,0
0.8273772438659699,-0.3092756154954491,-0.4918744606632361,0.059159876663617626,-1.2316448970959013,-0.5449249778098341,0.7376951317802901,-0.3075623426146228,0.6158384251930635,-0.5066552840628717,0.8505317485662419,-0.41331326869757246,-0.14359163172354764,-0.06715342778730747,443,2025-11-21T14:08:22.907472,0
-0.3693648410115938,-0.08366006812200955,-0.3866707201133388,-0.5609748304808925,0.8119223343984152,-0.5449249778098341,-1.3555735383351195,-0.3075623426146228,0.6158384251930635,-0.5066552840628717,-1.175735064194511,2.4194722882988664,-0.14359163172354764,-0.06715342778730747,444,2025-11-21T14:08:22.907472,1
0.8273772438659699,-0.3092756154954491,-0.48507900373776425,-0.5609748304808925,0.8119223343984152,-0.5449249778098341,0.7376951317802901,-0.3075623426146228,0.6158384251930635,-0.5066552840628717,0.8505317485662419,-0.41331326869757246,-0.14359163172354764,-0.06715342778730747,445,2025-11-21T14:08:22.907472,1
-1.5661069258891576,-1.8885844471095259,0.9997696105865636,0.6792945838081278,-1.2316448970959013,1.8351149988007642,0.7376951317802901,-0.3075623426146228,0.6158384251930635,-0.5066552840628717,-1.175735064194511,-0.41331326869757246,-0.14359163172354764,-0.06715342778730747,446,2025-11-21T14:08:22.907472,1
-0.3693648410115938,-1.2117378049892074,-0.255795253400548,0.059159876663617626,-1.2316448970959013,-0.5449249778098341,-1.3555735383351195,-0.3075623426146228,0.6158384251930635,1.9737285516515173,-1.175735064194511,-0.41331326869757246,-0.14359163172354764,-0.06715342778730747,447,2025-11-21T14:08:22.907472,1
-1.5661069258891576,0.36757102662486957,-0.11384570873513637,-0.5609748304808925,0.8119223343984152,-0.5449249778098341,0.7376951317802901,-0.3075623426146228,0.6158384251930635,-0.5066552840628717,0.8505317485662419,-0.41331326869757246,-0.14359163172354764,-0.06715342778730747,448,2025-11-21T14:08:22.907472,1
0.8273772438659699,-1.8133792646517128,-0.26066180729354516,1.299429290952638,-1.2316448970959013,-0.5449249778098341,-1.3555735383351195,-0.3075623426146228,-1.6238025415294657,1.9737285516515173,-1.175735064194511,-0.41331326869757246,-0.14359163172354764,-0.06715342778730747,449,2025-11-21T14:08:22.907472,1
-1.5661069258891576,1.7212643108655068,-0.034313694348132716,-0.5609748304808925,0.8119223343984152,1.8351149988007642,0.7376951317802901,-0.3075623426146228,0.6158384251930635,-0.5066552840628717,-1.175735064194511,-0.41331326869757246,6.96419413859206,-0.06715342778730747,450,2025-11-21T14:08:22.907472,1
-0.3693648410115938,0.5179813915404959,-0.08968408411123653,1.299429290952638,-1.2316448970959013,-0.5449249778098341,0.7376951317802901,-0.3075623426146228,0.6158384251930635,-0.5066552840628717,0.8505317485662419,-0.41331326869757246,-0.14359163172354764,-0.06715342778730747,451,2025-11-21T14:08:22.907472,0
0.8273772438659699,-0.3092756154954491,-0.2463983948905696,0.059159876663617626,-1.2316448970959013,-0.5449249778098341,0.7376951317802901,-0.3075623426146228,0.6158384251930635,-0.5066552840628717,0.8505317485662419,-0.41331326869757246,-0.14359163172354764,-0.06715342778730747,452,2025-11-21T14:08:22.907472,0
-1.5661069258891576,0.06675029679361683,-0.08968408411123653,-0.5609748304808925,0.8119223343984152,1.8351149988007642,0.7376951317802901,-0.3075623426146228,-1.6238025415294657,-0.5066552840628717,0.8505317485662419,-0.41331326869757246,-0.14359163172354764,-0.06715342778730747,453,2025-11-21T14:08:22.907472,0
-1.5661069258891576,1.4956487634920672,1.145663540471827,0.059159876663617626,-1.2316448970959013,1.8351149988007642,0.7376951317802901,-0.3075623426146228,-1.6238025415294657,-0.5066552840628717,0.8505317485662419,-0.41331326869757246,-0.14359163172354764,-0.06715342778730747,454,2025-11-21T14:08:22.907472,1
0.8273772438659699,-0.3092756154954491,-0.4863374216869257,-0.5609748304808925,0.8119223343984152,-0.5449249778098341,0.7376951317802901,-0.3075623426146228,0.6158384251930635,-0.5066552840628717,0.8505317485662419,-0.41331326869757246,-0.14359163172354764,-0.06715342778730747,455,2025-11-21T14:08:22.907472,0
0.8273772438659699,-0.008454885664196365,-0.4894421904510968,-0.5609748304808925,0.8119223343984152,-0.5449249778098341,0.7376951317802901,-0.3075623426146228,-1.6238025415294657,-0.5066552840628717,0.8505317485662419,-0.41331326869757246,-0.14359163172354764,-0.06715342778730747,456,2025-11-21T14:08:22.907472,1
-1.5661069258891576,2.6989316828170784,-0.11384570873513637,-0.5609748304808925,0.8119223343984152,1.8351149988007642,0.7376951317802901,-0.3075623426146228,0.6158384251930635,-0.5066552840628717,0.8505317485662419,-0.41331326869757246,-0.14359163172354764,-0.06715342778730747,457,2025-11-21T14:08:22.907472,0
-1.5661069258891576,0.4427762090826827,0.395813560675251,0.059159876663617626,-1.2316448970959013,1.8351149988007642,-1.3555735383351195,-0.3075623426146228,0.6158384251930635,-0.5066552840628717,-1.175735064194511,2.4194722882988664,-0.14359163172354764,-0.06715342778730747,458,2025-11-21T14:08:22.907472,1
-0.3693648410115938,1.5708539459498805,-0.43700743807979686,-0.5609748304808925,0.8119223343984152,-0.5449249778098341,-1.3555735383351195,-0.3075623426146228,0.6158384251930635,1.9737285516515173,-1.175735064194511,-0.41331326869757246,-0.14359163172354764,-0.06715342778730747,459,2025-11-21T14:08:22.907472,1
0.8273772438659699,-0.3092756154954491,-0.49237782784290063,-0.5609748304808925,0.8119223343984152,-0.5449249778098341,0.7376951317802901,3.2513733362117265,-1.6238025415294657,-0.5066552840628717,0.8505317485662419,-0.41331326869757246,-0.14359163172354764,-0.06715342778730747,460,2025-11-21T14:08:22.907472,0
-1.5661069258891576,1.4204435810342542,-0.11384570873513637,-0.5609748304808925,0.8119223343984152,1.8351149988007642,0.7376951317802901,-0.3075623426146228,0.6158384251930635,-0.5066552840628717,0.8505317485662419,-0.41331326869757246,-0.14359163172354764,-0.06715342778730747,461,2025-11-21T14:08:22.907472,1
0.8273772438659699,0.36757102662486957,-0.4863374216869257,-0.5609748304808925,0.8119223343984152,-0.5449249778098341,0.7376951317802901,-0.3075623426146228,0.6158384251930635,-0.5066552840628717,0.8505317485662419,-0.41331326869757246,-0.14359163172354764,-0.06715342778730747,462,2025-11-21T14:08:22.907472,0
-1.5661069258891576,1.345238398576441,0.12676380314453292,-0.5609748304808925,0.8119223343984152,1.8351149988007642,0.7376951317802901,-0.3075623426146228,0.6158384251930635,-0.5066552840628717,0.8505317485662419,-0.41331326869757246,-0.14359163172354764,-0.06715342778730747,463,2025-11-21T14:08:22.907472,0
-0.3693648410115938,1.4204435810342542,-0.3866707201133388,-0.5609748304808925,0.8119223343984152,-0.5449249778098341,0.7376951317802901,-0.3075623426146228,0.6158384251930635,-0.5066552840628717,0.8505317485662419,-0.41331326869757246,-0.14359163172354764,-0.06715342778730747,464,2025-11-21T14:08:22.907472,0
0.8273772438659699,-0.3092756154954491,-0.4863374216869257,-0.5609748304808925,0.8119223343984152,-0.5449249778098341,0.7376951317802901,-0.3075623426146228,0.6158384251930635,-0.5066552840628717,0.8505317485662419,-0.41331326869757246,-0.14359163172354764,-0.06715342778730747,465,2025-11-21T14:08:22.907472,0
0.8273772438659699,0.6683917564561223,-0.5064721088735089,-0.5609748304808925,0.8119223343984152,-0.5449249778098341,0.7376951317802901,-0.3075623426146228,0.6158384251930635,-0.5066552840628717,0.8505317485662419,-0.41331326869757246,-0.14359163172354764,-0.06715342778730747,466,2025-11-21T14:08:22.907472,0
-0.3693648410115938,0.06675029679361683,-0.6484216535389205,-0.5609748304808925,0.8119223343984152,-0.5449249778098341,0.7376951317802901,-0.3075623426146228,0.6158384251930635,-0.5066552840628717,0.8505317485662419,-0.41331326869757246,-0.14359163172354764,-0.06715342778730747,467,2025-11-21T14:08:22.907472,0
-1.5661069258891576,2.0220850406967594,-0.11384570873513637,-0.5609748304808925,0.8119223343984152,-0.5449249778098341,0.7376951317802901,-0.3075623426146228,0.6158384251930635,-0.5066552840628717,0.8505317485662419,-0.41331326869757246,-0.14359163172354764,-0.06715342778730747,468,2025-11-21T14:08:22.907472,0
0.8273772438659699,-0.3092756154954491,-0.4928811950225652,-0.5609748304808925,0.8119223343984152,-0.5449249778098341,0.7376951317802901,3.2513733362117265,-1.6238025415294657,-0.5066552840628717,0.8505317485662419,-0.41331326869757246,-0.14359163172354764,-0.06715342778730747,469,2025-11-21T14:08:22.907472,0
0.8273772438659699,-2.1330012900974187,-0.26066180729354516,1.299429290952638,-1.2316448970959013,-0.5449249778098341,-1.3555735383351195,-0.3075623426146228,-1.6238025415294657,1.9737285516515173,-1.175735064194511,-0.41331326869757246,-0.14359163172354764,-0.06715342778730747,470,2025-11-21T14:08:22.907472,1
0.8273772438659699,-0.3092756154954491,-0.5024451714361923,-0.5609748304808925,0.8119223343984152,-0.5449249778098341,0.7376951317802901,-0.3075623426146228,0.6158384251930635,-0.5066552840628717,0.8505317485662419,-0.41331326869757246,-0.14359163172354764,-0.06715342778730747,471,2025-11-21T14:08:22.907472,0
0.8273772438659699,0.6683917564561223,-0.47400492578514347,-0.5609748304808925,0.8119223343984152,-0.5449249778098341,0.7376951317802901,-0.3075623426146228,0.6158384251930635,-0.5066552840628717,0.8505317485662419,-0.41331326869757246,-0.14359163172354764,-0.06715342778730747,472,2025-11-21T14:08:22.907472,0
-0.3693648410115938,0.29236584416705635,-0.08968408411123653,1.299429290952638,-1.2316448970959013,-0.5449249778098341,-1.3555735383351195,-0.3075623426146228,0.6158384251930635,-0.5066552840628717,-1.175735064194511,2.4194722882988664,-0.14359163172354764,-0.06715342778730747,473,2025-11-21T14:08:22.907472,1
-0.3693648410115938,-0.45968598041107545,-0.3707300882677209,-0.5609748304808925,0.8119223343984152,1.8351149988007642,-1.3555735383351195,-0.3075623426146228,-1.6238025415294657,-0.5066552840628717,-1.175735064194511,2.4194722882988664,-0.14359163172354764,-0.06715342778730747,474,2025-11-21T14:08:22.907472,1
0.8273772438659699,-0.5348911628688886,-0.45034666834090825,-0.5609748304808925,0.8119223343984152,-0.5449249778098341,-1.3555735383351195,-0.3075623426146228,0.6158384251930635,1.9737285516515173,-1.175735064194511,-0.41331326869757246,-0.14359163172354764,-0.06715342778730747,475,2025-11-21T14:08:22.907472,0
-1.5661069258891576,0.8188021213717487,0.39858208016340624,-0.5609748304808925,0.8119223343984152,1.8351149988007642,0.7376951317802901,-0.3075623426146228,0.6158384251930635,-0.5066552840628717,0.8505317485662419,-0.41331326869757246,-0.14359163172354764,-0.06715342778730747,476,2025-11-21T14:08:22.907472,0
-0.3693648410115938,0.36757102662486957,-0.22559322262067316,0.059159876663617626,-1.2316448970959013,-0.5449249778098341,0.7376951317802901,-0.3075623426146228,0.6158384251930635,-0.5066552840628717,0.8505317485662419,-0.41331326869757246,-0.14359163172354764,-0.06715342778730747,477,2025-11-21T14:08:22.907472,0
0.8273772438659699,-0.008454885664196365,-0.5065566745596926,0.059159876663617626,-1.2316448970959013,-0.5449249778098341,0.7376951317802901,-0.3075623426146228,0.6158384251930635,-0.5066552840628717,0.8505317485662419,-0.41331326869757246,-0.14359163172354764,-0.06715342778730747,478,2025-11-21T14:08:22.907472,0
0.8273772438659699,-0.5348911628688886,-0.4969926981460655,-0.5609748304808925,0.8119223343984152,-0.5449249778098341,0.7376951317802901,-0.3075623426146228,0.6158384251930635,-0.5066552840628717,0.8505317485662419,-0.41331326869757246,-0.14359163172354764,-0.06715342778730747,479,2025-11-21T14:08:22.907472,0
0.8273772438659699,-2.038994812025152,-0.4010166847337793,0.059159876663617626,-1.2316448970959013,-0.5449249778098341,-1.3555735383351195,-0.3075623426146228,0.6158384251930635,1.9737285516515173,-1.175735064194511,-0.41331326869757246,-0.14359163172354764,-0.06715342778730747,480,2025-11-21T14:08:22.907472,1
0.8273772438659699,-1.51255853482046,0.2958951755118318,3.779968119530679,-1.2316448970959013,-0.5449249778098341,0.7376951317802901,-0.3075623426146228,0.6158384251930635,-0.5066552840628717,-1.175735064194511,-0.41331326869757246,-0.14359163172354764,-0.06715342778730747,481,2025-11-21T14:08:22.907472,0
-0.3693648410115938,0.06675029679361683,-0.6484216535389205,-0.5609748304808925,0.8119223343984152,-0.5449249778098341,0.7376951317802901,-0.3075623426146228,0.6158384251930635,-0.5066552840628717,0.8505317485662419,-0.41331326869757246,-0.14359163172354764,-0.06715342778730747,482,2025-11-21T14:08:22.907472,0
0.8273772438659699,1.5708539459498805,-0.4863374216869257,-0.5609748304808925,0.8119223343984152,-0.5449249778098341,0.7376951317802901,-0.3075623426146228,0.6158384251930635,-0.5066552840628717,0.8505317485662419,-0.41331326869757246,-0.14359163172354764,-0.06715342778730747,483,2025-11-21T14:08:22.907472,0
0.8273772438659699,2.548521317901452,-0.455380340137554,-0.5609748304808925,0.8119223343984152,-0.5449249778098341,-1.3555735383351195,-0.3075623426146228,0.6158384251930635,-0.5066552840628717,-1.175735064194511,2.4194722882988664,-0.14359163172354764,-0.06715342778730747,484,2025-11-21T14:08:22.907472,1
-1.5661069258891576,-0.3092756154954491,1.1854295476653287,0.059159876663617626,-1.2316448970959013,1.8351149988007642,0.7376951317802901,-0.3075623426146228,-1.6238025415294657,-0.5066552840628717,0.8505317485662419,-0.41331326869757246,-0.14359163172354764,-0.06715342778730747,485,2025-11-21T14:08:22.907472,1
0.8273772438659699,-0.5724937540977952,-0.13565761536436197,1.9195639980971482,-1.2316448970959013,-0.5449249778098341,-1.3555735383351195,-0.3075623426146228,0.6158384251930635,1.9737285516515173,-1.175735064194511,-0.41331326869757246,-0.14359163172354764,-0.06715342778730747,486,2025-11-21T14:08:22.907472,0
-1.5661069258891576,0.4427762090826827,1.163700193253568,0.059159876663617626,-1.2316448970959013,1.8351149988007642,-1.3555735383351195,-0.3075623426146228,0.6158384251930635,-0.5066552840628717,-1.175735064194511,2.4194722882988664,-0.14359163172354764,-0.06715342778730747,487,2025-11-21T14:08:22.907472,1
-1.5661069258891576,2.172495405612386,-0.05042144409739929,-0.5609748304808925,0.8119223343984152,1.8351149988007642,0.7376951317802901,-0.3075623426146228,-1.6238025415294657,-0.5066552840628717,0.8505317485662419,-0.41331326869757246,-0.14359163172354764,-0.06715342778730747,488,2025-11-21T14:08:22.907472,0
0.8273772438659699,0.06675029679361683,-0.4863374216869257,-0.5609748304808925,0.8119223343984152,-0.5449249778098341,0.7376951317802901,-0.3075623426146228,0.6158384251930635,-0.5066552840628717,0.8505317485662419,-0.41331326869757246,-0.14359163172354764,-0.06715342778730747,489,2025-11-21T14:08:22.907472,0
0.8273772438659699,-1.51255853482046,-0.32828012727224753,0.6792945838081278,-1.2316448970959013,-0.5449249778098341,0.7376951317802901,-0.3075623426146228,0.6158384251930635,-0.5066552840628717,-1.175735064194511,-0.41331326869757246,-0.14359163172354764,-0.06715342778730747,490,2025-11-21T14:08:22.907472,1
0.8273772438659699,-0.3092756154954491,-0.2463983948905696,0.059159876663617626,-1.2316448970959013,-0.5449249778098341,0.7376951317802901,-0.3075623426146228,0.6158384251930635,-0.5066552840628717,0.8505317485662419,-0.41331326869757246,-0.14359163172354764,-0.06715342778730747,491,2025-11-21T14:08:22.907472,0
0.8273772438659699,-0.6100963453267019,-0.5024451714361923,-0.5609748304808925,0.8119223343984152,-0.5449249778098341,0.7376951317802901,-0.3075623426146228,0.6158384251930635,-0.5066552840628717,0.8505317485662419,-0.41331326869757246,-0.14359163172354764,-0.06715342778730747,492,2025-11-21T14:08:22.907472,0
-1.5661069258891576,1.9468798582389464,-0.034313694348132716,-0.5609748304808925,0.8119223343984152,1.8351149988007642,0.7376951317802901,-0.3075623426146228,0.6158384251930635,-0.5066552840628717,0.8505317485662419,-0.41331326869757246,-0.14359163172354764,-0.06715342778730747,493,2025-11-21T14:08:22.907472,0
-1.5661069258891576,3.1501627775639576,0.3483299278831318,-0.5609748304808925,0.8119223343984152,-0.5449249778098341,0.7376951317802901,-0.3075623426146228,-1.6238025415294657,-0.5066552840628717,0.8505317485662419,-0.41331326869757246,-0.14359163172354764,-0.06715342778730747,494,2025-11-21T14:08:22.907472,0
0.8273772438659699,-0.6100963453267019,-0.4863374216869257,-0.5609748304808925,0.8119223343984152,-0.5449249778098341,0.7376951317802901,-0.3075623426146228,0.6158384251930635,-0.5066552840628717,0.8505317485662419,-0.41331326869757246,-0.14359163172354764,-0.06715342778730747,495,2025-11-21T14:08:22.907472,0
0.8273772438659699,-0.3092756154954491,-0.3573083057891445,-0.5609748304808925,0.8119223343984152,-0.5449249778098341,0.7376951317802901,-0.3075623426146228,-1.6238025415294657,-0.5066552840628717,0.8505317485662419,-0.41331326869757246,-0.14359163172354764,-0.06715342778730747,496,2025-11-21T14:08:22.907472,0
-1.5661069258891576,1.8716746757811333,0.9274538680872313,0.059159876663617626,-1.2316448970959013,1.8351149988007642,-1.3555735383351195,-0.3075623426146228,-1.6238025415294657,1.9737285516515173,-1.175735064194511,-0.41331326869757246,-0.14359163172354764,-0.06715342778730747,497,2025-11-21T14:08:22.907472,1
0.8273772438659699,-0.3092756154954491,-0.3443878770215141,-0.5609748304808925,0.8119223343984152,-0.5449249778098341,0.7376951317802901,-0.3075623426146228,0.6158384251930635,-0.5066552840628717,0.8505317485662419,-0.41331326869757246,-0.14359163172354764,-0.06715342778730747,498,2025-11-21T14:08:22.907472,0
-1.5661069258891576,-0.3092756154954491,2.4029901895877646,1.299429290952638,-1.2316448970959013,1.8351149988007642,-1.3555735383351195,-0.3075623426146228,0.6158384251930635,-0.5066552840628717,-1.175735064194511,2.4194722882988664,-0.14359163172354764,-0.06715342778730747,499,2025-11-21T14:08:22.907472,0
0.8273772438659699,-0.3844807979532623,-0.49145565916975514,-0.5609748304808925,0.8119223343984152,-0.5449249778098341,0.7376951317802901,-0.3075623426146228,0.6158384251930635,-0.5066552840628717,0.8505317485662419,-0.41331326869757246,-0.14359163172354764,-0.06715342778730747,500,2025-11-21T14:08:22.907472,0
0.8273772438659699,-0.9109170751579546,-0.47400492578514347,-0.5609748304808925,0.8119223343984152,-0.5449249778098341,0.7376951317802901,-0.3075623426146228,0.6158384251930635,-0.5066552840628717,0.8505317485662419,-0.41331326869757246,-0.14359163172354764,-0.06715342778730747,501,2025-11-21T14:08:22.907472,0
0.8273772438659699,-0.6100963453267019,-0.49237782784290063,-0.5609748304808925,0.8119223343984152,-0.5449249778098341,-1.3555735383351195,3.2513733362117265,-1.6238025415294657,1.9737285516515173,-1.175735064194511,-0.41331326869757246,-0.14359163172354764,-0.06715342778730747,502,2025-11-21T14:08:22.907472,0
0.8273772438659699,-0.5724937540977952,-0.4948100980550399,-0.5609748304808925,0.8119223343984152,-0.5449249778098341,-1.3555735383351195,3.2513733362117265,-1.6238025415294657,1.9737285516515173,-1.175735064194511,-0.41331326869757246,-0.14359163172354764,-0.06715342778730747,503,2025-11-21T14:08:22.907472,0
0.8273772438659699,0.5931865739983091,-0.455380340137554,-0.5609748304808925,0.8119223343984152,-0.5449249778098341,-1.3555735383351195,-0.3075623426146228,0.6158384251930635,1.9737285516515173,-1.175735064194511,-0.41331326869757246,-0.14359163172354764,-0.06715342778730747,504,2025-11-21T14:08:22.907472,0
-1.5661069258891576,-0.9861222576157678,1.093228788100527,-0.5609748304808925,0.8119223343984152,1.8351149988007642,-1.3555735383351195,-0.3075623426146228,0.6158384251930635,1.9737285516515173,-1.175735064194511,-0.41331326869757246,-0.14359163172354764,-0.06715342778730747,505,2025-11-21T14:08:22.907472,1
-1.5661069258891576,-0.8357118927001413,1.5442457810799908,0.059159876663617626,-1.2316448970959013,1.8351149988007642,0.7376951317802901,-0.3075623426146228,-1.6238025415294657,-0.5066552840628717,0.8505317485662419,-0.41331326869757246,-0.14359163172354764,-0.06715342778730747,506,2025-11-21T14:08:22.907472,0
-0.3693648410115938,0.29236584416705635,-0.12491978668775715,0.6792945838081278,-1.2316448970959013,-0.5449249778098341,-1.3555735383351195,-0.3075623426146228,0.6158384251930635,-0.5066552840628717,-1.175735064194511,2.4194722882988664,-0.14359163172354764,-0.06715342778730747,507,2025-11-21T14:08:22.907472,1
-1.5661069258891576,0.8188021213717487,-0.11384570873513637,-0.5609748304808925,0.8119223343984152,-0.5449249778098341,0.7376951317802901,-0.3075623426146228,0.6158384251930635,-0.5066552840628717,0.8505317485662419,-0.41331326869757246,-0.14359163172354764,-0.06715342778730747,508,2025-11-21T14:08:22.907472,1
0.8273772438659699,-0.08366006812200955,-0.1948878246611338,-0.5609748304808925,0.8119223343984152,-0.5449249778098341,0.7376951317802901,-0.3075623426146228,0.6158384251930635,-0.5066552840628717,0.8505317485662419,-0.41331326869757246,-0.14359163172354764,-0.06715342778730747,509,2025-11-21T14:08:22.907472,0
0.8273772438659699,-0.23407043303763592,0.48910360681684706,-0.5609748304808925,0.8119223343984152,-0.5449249778098341,0.7376951317802901,-0.3075623426146228,0.6158384251930635,-0.5066552840628717,0.8505317485662419,-0.41331326869757246,-0.14359163172354764,-0.06715342778730747,510,2025-11-21T14:08:22.907472,1
0.8273772438659699,-0.008454885664196365,-0.49237782784290063,-0.5609748304808925,0.8119223343984152,-0.5449249778098341,0.7376951317802901,3.2513733362117265,-1.6238025415294657,-0.5066552840628717,0.8505317485662419,-0.41331326869757246,-0.14359163172354764,-0.06715342778730747,511,2025-11-21T14:08:22.907472,1
0.8273772438659699,-0.3092756154954491,-0.4863374216869257,-0.5609748304808925,0.8119223343984152,-0.5449249778098341,0.7376951317802901,-0.3075623426146228,0.6158384251930635,-0.5066552840628717,0.8505317485662419,-0.41331326869757246,-0.14359163172354764,-0.06715342778730747,512,2025-11-21T14:08:22.907472,0
-1.5661069258891576,0.5179813915404959,-0.11913106412161445,-0.5609748304808925,0.8119223343984152,1.8351149988007642,0.7376951317802901,-0.3075623426146228,0.6158384251930635,-0.5066552840628717,0.8505317485662419,-0.41331326869757246,-0.14359163172354764,-0.06715342778730747,513,2025-11-21T14:08:22.907472,1
-1.5661069258891576,1.8716746757811333,0.5475787653441219,0.059159876663617626,-1.2316448970959013,-0.5449249778098341,-1.3555735383351195,-0.3075623426146228,-1.6238025415294657,-0.5066552840628717,-1.175735064194511,2.4194722882988664,-0.14359163172354764,-0.06715342778730747,514,2025-11-21T14:08:22.907472,1
0.8273772438659699,-0.3844807979532623,-0.4974960653257301,-0.5609748304808925,0.8119223343984152,-0.5449249778098341,0.7376951317802901,-0.3075623426146228,0.6158384251930635,-0.5066552840628717,0.8505317485662419,-0.41331326869757246,-0.14359163172354764,-0.06715342778730747,515,2025-11-21T14:08:22.907472,0
-1.5661069258891576,1.345238398576441,0.036576512298389464,-0.5609748304808925,0.8119223343984152,1.8351149988007642,0.7376951317802901,-0.3075623426146228,0.6158384251930635,-0.5066552840628717,0.8505317485662419,-0.41331326869757246,-0.14359163172354764,-0.06715342778730747,516,2025-11-21T14:08:22.907472,0
-0.3693648410115938,0.36757102662486957,-0.43700743807979686,-0.5609748304808925,0.8119223343984152,1.8351149988007642,-1.3555735383351195,-0.3075623426146228,0.6158384251930635,-0.5066552840628717,-1.175735064194511,2.4194722882988664,-0.14359163172354764,-0.06715342778730747,517,2025-11-21T14:08:22.907472,1
0.8273772438659699,-0.3092756154954491,-0.1621689579829361,-0.5609748304808925,0.8119223343984152,-0.5449249778098341,0.7376951317802901,3.2513733362117265,-1.6238025415294657,-0.5066552840628717,0.8505317485662419,-0.41331326869757246,-0.14359163172354764,-0.06715342778730747,518,2025-11-21T14:08:22.907472,0
-0.3693648410115938,0.5179813915404959,-0.12491978668775715,0.059159876663617626,-1.2316448970959013,-0.5449249778098341,-1.3555735383351195,-0.3075623426146228,0.6158384251930635,-0.5066552840628717,-1.175735064194511,2.4194722882988664,-0.14359163172354764,-0.06715342778730747,519,2025-11-21T14:08:22.907472,1
0.8273772438659699,0.2171606617092432,-0.4894421904510968,-0.5609748304808925,0.8119223343984152,-0.5449249778098341,0.7376951317802901,-0.3075623426146228,0.6158384251930635,-0.5066552840628717,0.8505317485662419,-0.41331326869757246,-0.14359163172354764,-0.06715342778730747,520,2025-11-21T14:08:22.907472,0
-1.5661069258891576,0.06675029679361683,1.2341715984066093,-0.5609748304808925,0.8119223343984152,1.8351149988007642,-1.3555735383351195,-0.3075623426146228,0.6158384251930635,1.9737285516515173,-1.175735064194511,-0.41331326869757246,-0.14359163172354764,-0.06715342778730747,521,2025-11-21T14:08:22.907472,1
0.8273772438659699,-0.5348911628688886,-0.4894421904510968,-0.5609748304808925,0.8119223343984152,-0.5449249778098341,0.7376951317802901,-0.3075623426146228,0.6158384251930635,-0.5066552840628717,0.8505317485662419,-0.41331326869757246,-0.14359163172354764,-0.06715342778730747,522,2025-11-21T14:08:22.907472,0
0.8273772438659699,-0.3092756154954491,-0.5029485386158568,-0.5609748304808925,0.8119223343984152,-0.5449249778098341,0.7376951317802901,-0.3075623426146228,-1.6238025415294657,-0.5066552840628717,0.8505317485662419,-0.41331326869757246,-0.14359163172354764,-0.06715342778730747,523,2025-11-21T14:08:22.907472,0
-1.5661069258891576,1.1196228512030013,0.5189714017894245,0.059159876663617626,-1.2316448970959013,1.8351149988007642,-1.3555735383351195,-0.3075623426146228,-1.6238025415294657,-0.5066552840628717,-1.175735064194511,2.4194722882988664,-0.14359163172354764,-0.06715342778730747,524,2025-11-21T14:08:22.907472,1
0.8273772438659699,-0.3092756154954491,-0.5028639729296732,-0.5609748304808925,0.8119223343984152,-0.5449249778098341,0.7376951317802901,-0.3075623426146228,-1.6238025415294657,-0.5066552840628717,0.8505317485662419,-0.41331326869757246,-0.14359163172354764,-0.06715342778730747,525,2025-11-21T14:08:22.907472,0
0.8273772438659699,0.8564047126006552,-0.49237782784290063,-0.5609748304808925,0.8119223343984152,-0.5449249778098341,0.7376951317802901,3.2513733362117265,-1.6238025415294657,-0.5066552840628717,0.8505317485662419,-0.41331326869757246,-0.14359163172354764,-0.06715342778730747,526,2025-11-21T14:08:22.907472,0
-0.3693648410115938,1.5708539459498805,-0.43700743807979686,-0.5609748304808925,0.8119223343984152,-0.5449249778098341,-1.3555735383351195,-0.3075623426146228,0.6158384251930635,1.9737285516515173,-1.175735064194511,-0.41331326869757246,-0.14359163172354764,-0.06715342778730747,527,2025-11-21T14:08:22.907472,1
-1.5661069258891576,0.8188021213717487,3.817033162951754,-0.5609748304808925,0.8119223343984152,1.8351149988007642,0.7376951317802901,-0.3075623426146228,0.6158384251930635,-0.5066552840628717,0.8505317485662419,-0.41331326869757246,-0.14359163172354764,-0.06715342778730747,528,2025-11-21T14:08:22.907472,0
0.8273772438659699,0.7435969389139355,-0.4888542575852486,-0.5609748304808925,0.8119223343984152,-0.5449249778098341,0.7376951317802901,-0.3075623426146228,0.6158384251930635,-0.5066552840628717,0.8505317485662419,-0.41331326869757246,-0.14359163172354764,-0.06715342778730747,529,2025-11-21T14:08:22.907472,0
-0.3693648410115938,-0.45968598041107545,-0.41687275089321363,1.299429290952638,-1.2316448970959013,-0.5449249778098341,0.7376951317802901,-0.3075623426146228,0.6158384251930635,-0.5066552840628717,0.8505317485662419,-0.41331326869757246,-0.14359163172354764,-0.06715342778730747,530,2025-11-21T14:08:22.907472,0
-0.3693648410115938,-2.038994812025152,-0.12491978668775715,0.6792945838081278,-1.2316448970959013,-0.5449249778098341,-1.3555735383351195,-0.3075623426146228,0.6158384251930635,1.9737285516515173,-1.175735064194511,-0.41331326869757246,-0.14359163172354764,-0.06715342778730747,531,2025-11-21T14:08:22.907472,1
0.8273772438659699,-0.3092756154954491,-0.5028639729296732,-0.5609748304808925,0.8119223343984152,-0.5449249778098341,0.7376951317802901,-0.3075623426146228,-1.6238025415294657,-0.5066552840628717,0.8505317485662419,-0.41331326869757246,-0.14359163172354764,-0.06715342778730747,532,2025-11-21T14:08:22.907472,0
0.8273772438659699,-0.9109170751579546,-0.5028639729296732,0.6792945838081278,-1.2316448970959013,-0.5449249778098341,0.7376951317802901,-0.3075623426146228,-1.6238025415294657,-0.5066552840628717,0.8505317485662419,-0.41331326869757246,-0.14359163172354764,-0.06715342778730747,533,2025-11-21T14:08:22.907472,0
0.8273772438659699,-0.5724937540977952,-0.19824427701513722,0.6792945838081278,-1.2316448970959013,-0.5449249778098341,-1.3555735383351195,-0.3075623426146228,-1.6238025415294657,-0.5066552840628717,-1.175735064194511,2.4194722882988664,-0.14359163172354764,-0.06715342778730747,534,2025-11-21T14:08:22.907472,1
0.8273772438659699,0.06675029679361683,-0.47400492578514347,-0.5609748304808925,0.8119223343984152,-0.5449249778098341,-1.3555735383351195,-0.3075623426146228,0.6158384251930635,1.9737285516515173,-1.175735064194511,-0.41331326869757246,-0.14359163172354764,-0.06715342778730747,535,2025-11-21T14:08:22.907472,0
-0.3693648410115938,-1.6629688997360863,-0.11988611489111134,0.6792945838081278,-1.2316448970959013,-0.5449249778098341,-1.3555735383351195,-0.3075623426146228,0.6158384251930635,1.9737285516515173,-1.175735064194511,-0.41331326869757246,-0.14359163172354764,-0.06715342778730747,536,2025-11-21T14:08:22.907472,1
-1.5661069258891576,1.1948280336608146,-0.11384570873513637,-0.5609748304808925,0.8119223343984152,1.8351149988007642,0.7376951317802901,-0.3075623426146228,0.6158384251930635,-0.5066552840628717,-1.175735064194511,-0.41331326869757246,6.96419413859206,-0.06715342778730747,537,2025-11-21T14:08:22.907472,0
-1.5661069258891576,0.06675029679361683,1.4944124302931971,-0.5609748304808925,0.8119223343984152,-0.5449249778098341,-1.3555735383351195,-0.3075623426146228,-1.6238025415294657,1.9737285516515173,-1.175735064194511,-0.41331326869757246,-0.14359163172354764,-0.06715342778730747,538,2025-11-21T14:08:22.907472,1
0.8273772438659699,-0.3092756154954491,-0.35646868933346404,-0.5609748304808925,0.8119223343984152,-0.5449249778098341,0.7376951317802901,-0.3075623426146228,0.6158384251930635,-0.5066552840628717,0.8505317485662419,-0.41331326869757246,-0.14359163172354764,-0.06715342778730747,539,2025-11-21T14:08:22.907472,0
-1.5661069258891576,-0.5348911628688886,0.3482453621969482,0.6792945838081278,-1.2316448970959013,1.8351149988007642,-1.3555735383351195,-0.3075623426146228,-1.6238025415294657,1.9737285516515173,-1.175735064194511,-0.41331326869757246,-0.14359163172354764,-0.06715342778730747,540,2025-11-21T14:08:22.907472,1
-1.5661069258891576,0.5179813915404959,0.7811411367084872,0.6792945838081278,-1.2316448970959013,1.8351149988007642,-1.3555735383351195,-0.3075623426146228,0.6158384251930635,1.9737285516515173,-1.175735064194511,-0.41331326869757246,-0.14359163172354764,-0.06715342778730747,541,2025-11-21T14:08:22.907472,1
0.8273772438659699,-1.51255853482046,-0.01870931177853076,3.1598334123861687,-1.2316448970959013,-0.5449249778098341,-1.3555735383351195,-0.3075623426146228,0.6158384251930635,1.9737285516515173,-1.175735064194511,-0.41331326869757246,-0.14359163172354764,-0.06715342778730747,542,2025-11-21T14:08:22.907472,0
0.8273772438659699,-1.3621481699048337,-0.01870931177853076,3.1598334123861687,-1.2316448970959013,-0.5449249778098341,-1.3555735383351195,-0.3075623426146228,0.6158384251930635,1.9737285516515173,-1.175735064194511,-0.41331326869757246,-0.14359163172354764,-0.06715342778730747,543,2025-11-21T14:08:22.907472,0
-0.3693648410115938,0.2171606617092432,-0.12491978668775715,0.059159876663617626,-1.2316448970959013,-0.5449249778098341,0.7376951317802901,-0.3075623426146228,0.6158384251930635,-0.5066552840628717,0.8505317485662419,-0.41331326869757246,-0.14359163172354764,-0.06715342778730747,544,2025-11-21T14:08:22.907472,1
-1.5661069258891576,1.5708539459498805,1.4944124302931971,0.059159876663617626,-1.2316448970959013,1.8351149988007642,0.7376951317802901,-0.3075623426146228,-1.6238025415294657,-0.5066552840628717,0.8505317485662419,-0.41331326869757246,-0.14359163172354764,-0.06715342778730747,545,2025-11-21T14:08:22.907472,0
-1.5661069258891576,2.623726500359265,-0.12491978668775715,-0.5609748304808925,0.8119223343984152,-0.5449249778098341,0.7376951317802901,-0.3075623426146228,0.6158384251930635,-0.5066552840628717,0.8505317485662419,-0.41331326869757246,-0.14359163172354764,-0.06715342778730747,546,2025-11-21T14:08:22.907472,0
-0.3693648410115938,-0.7605067102423282,-0.12491978668775715,0.059159876663617626,-1.2316448970959013,-0.5449249778098341,-1.3555735383351195,-0.3075623426146228,0.6158384251930635,-0.5066552840628717,-1.175735064194511,2.4194722882988664,-0.14359163172354764,-0.06715342778730747,547,2025-11-21T14:08:22.907472,1
-0.3693648410115938,0.06675029679361683,-0.3693045524149108,-0.5609748304808925,0.8119223343984152,-0.5449249778098341,0.7376951317802901,-0.3075623426146228,-1.6238025415294657,-0.5066552840628717,0.8505317485662419,-0.41331326869757246,-0.14359163172354764,-0.06715342778730747,548,2025-11-21T14:08:22.907472,1
0.8273772438659699,0.29236584416705635,-0.2351571990343002,0.6792945838081278,-1.2316448970959013,-0.5449249778098341,0.7376951317802901,-0.3075623426146228,0.6158384251930635,-0.5066552840628717,0.8505317485662419,-0.41331326869757246,-0.14359163172354764,-0.06715342778730747,549,2025-11-21T14:08:22.907472,0
-0.3693648410115938,-1.5877637172782733,0.09152810056801232,0.6792945838081278,-1.2316448970959013,-0.5449249778098341,0.7376951317802901,-0.3075623426146228,0.6158384251930635,-0.5066552840628717,-1.175735064194511,-0.41331326869757246,-0.14359163172354764,-0.06715342778730747,550,2025-11-21T14:08:22.907472,1
-1.5661069258891576,-0.9109170751579546,1.5841789061771412,0.6792945838081278,-1.2316448970959013,1.8351149988007642,0.7376951317802901,-0.3075623426146228,-1.6238025415294657,-0.5066552840628717,0.8505317485662419,-0.41331326869757246,-0.14359163172354764,-0.06715342778730747,551,2025-11-21T14:08:22.907472,1
-0.3693648410115938,-0.15886525057982273,-0.12491978668775715,-0.5609748304808925,0.8119223343984152,-0.5449249778098341,0.7376951317802901,-0.3075623426146228,0.6158384251930635,-0.5066552840628717,0.8505317485662419,-0.41331326869757246,-0.14359163172354764,-0.06715342778730747,552,2025-11-21T14:08:22.907472,0
0.8273772438659699,-0.3092756154954491,-0.49078316061772326,-0.5609748304808925,0.8119223343984152,-0.5449249778098341,0.7376951317802901,3.2513733362117265,-1.6238025415294657,-0.5066552840628717,0.8505317485662419,-0.41331326869757246,-0.14359163172354764,-0.06715342778730747,553,2025-11-21T14:08:22.907472,0
0.8273772438659699,-0.5348911628688886,-0.5029485386158568,-0.5609748304808925,0.8119223343984152,-0.5449249778098341,0.7376951317802901,-0.3075623426146228,-1.6238025415294657,-0.5066552840628717,0.8505317485662419,-0.41331326869757246,-0.14359163172354764,-0.06715342778730747,554,2025-11-21T14:08:22.907472,1
0.8273772438659699,-0.5348911628688886,-0.4918744606632361,-0.5609748304808925,0.8119223343984152,-0.5449249778098341,-1.3555735383351195,-0.3075623426146228,0.6158384251930635,1.9737285516515173,-1.175735064194511,-0.41331326869757246,-0.14359163172354764,-0.06715342778730747,555,2025-11-21T14:08:22.907472,1
-1.5661069258891576,2.4733161354436386,-0.11384570873513637,-0.5609748304808925,0.8119223343984152,-0.5449249778098341,0.7376951317802901,-0.3075623426146228,0.6158384251930635,-0.5066552840628717,0.8505317485662419,-0.41331326869757246,-0.14359163172354764,-0.06715342778730747,556,2025-11-21T14:08:22.907472,0
-1.5661069258891576,1.4204435810342542,0.1489119590497745,0.059159876663617626,-1.2316448970959013,1.8351149988007642,-1.3555735383351195,-0.3075623426146228,-1.6238025415294657,-0.5066552840628717,-1.175735064194511,-0.41331326869757246,-0.14359163172354764,14.891272611835431,557,2025-11-21T14:08:22.907472,1
-1.5661069258891576,0.8188021213717487,3.9327230485884233,-0.5609748304808925,0.8119223343984152,-0.5449249778098341,0.7376951317802901,-0.3075623426146228,-1.6238025415294657,-0.5066552840628717,0.8505317485662419,-0.41331326869757246,-0.14359163172354764,-0.06715342778730747,558,2025-11-21T14:08:22.907472,0
-1.5661069258891576,0.7435969389139355,0.955306180872432,0.6792945838081278,-1.2316448970959013,1.8351149988007642,-1.3555735383351195,-0.3075623426146228,0.6158384251930635,-0.5066552840628717,-1.175735064194511,2.4194722882988664,-0.14359163172354764,-0.06715342778730747,559,2025-11-21T14:08:22.907472,1
0.8273772438659699,0.5179813915404959,-0.29807809649237277,0.059159876663617626,-1.2316448970959013,-0.5449249778098341,-1.3555735383351195,-0.3075623426146228,0.6158384251930635,-0.5066552840628717,-1.175735064194511,2.4194722882988664,-0.14359163172354764,-0.06715342778730747,560,2025-11-21T14:08:22.907472,1
0.8273772438659699,-0.3092756154954491,-0.49237782784290063,-0.5609748304808925,0.8119223343984152,-0.5449249778098341,0.7376951317802901,3.2513733362117265,-1.6238025415294657,-0.5066552840628717,0.8505317485662419,-0.41331326869757246,-0.14359163172354764,-0.06715342778730747,561,2025-11-21T14:08:22.907472,0
0.8273772438659699,0.8188021213717487,-0.4894421904510968,-0.5609748304808925,0.8119223343984152,-0.5449249778098341,0.7376951317802901,-0.3075623426146228,0.6158384251930635,-0.5066552840628717,0.8505317485662419,-0.41331326869757246,-0.14359163172354764,-0.06715342778730747,562,2025-11-21T14:08:22.907472,0
-0.3693648410115938,-0.08366006812200955,-0.3766033765200472,-0.5609748304808925,0.8119223343984152,-0.5449249778098341,0.7376951317802901,-0.3075623426146228,0.6158384251930635,-0.5066552840628717,0.8505317485662419,-0.41331326869757246,-0.14359163172354764,-0.06715342778730747,563,2025-11-21T14:08:22.907472,0
0.8273772438659699,-0.3092756154954491,-0.4863374216869257,-0.5609748304808925,0.8119223343984152,-0.5449249778098341,0.7376951317802901,-0.3075623426146228,0.6158384251930635,-0.5066552840628717,0.8505317485662419,-0.41331326869757246,-0.14359163172354764,-0.06715342778730747,564,2025-11-21T14:08:22.907472,0
0.8273772438659699,-0.5724937540977952,-0.4863374216869257,-0.5609748304808925,0.8119223343984152,-0.5449249778098341,-1.3555735383351195,-0.3075623426146228,0.6158384251930635,1.9737285516515173,-1.175735064194511,-0.41331326869757246,-0.14359163172354764,-0.06715342778730747,565,2025-11-21T14:08:22.907472,0
0.8273772438659699,-0.3844807979532623,-0.1621689579829361,0.6792945838081278,-1.2316448970959013,-0.5449249778098341,0.7376951317802901,-0.3075623426146228,0.6158384251930635,-0.5066552840628717,0.8505317485662419,-0.41331326869757246,-0.14359163172354764,-0.06715342778730747,566,2025-11-21T14:08:22.907472,0
0.8273772438659699,-0.7605067102423282,-0.4894421904510968,-0.5609748304808925,0.8119223343984152,-0.5449249778098341,0.7376951317802901,-0.3075623426146228,0.6158384251930635,-0.5066552840628717,0.8505317485662419,-0.41331326869757246,-0.14359163172354764,-0.06715342778730747,567,2025-11-21T14:08:22.907472,0
0.8273772438659699,-0.008454885664196365,-0.22408312108167944,1.9195639980971482,-1.2316448970959013,-0.5449249778098341,-1.3555735383351195,-0.3075623426146228,0.6158384251930635,-0.5066552840628717,-1.175735064194511,2.4194722882988664,-0.14359163172354764,-0.06715342778730747,568,2025-11-21T14:08:22.907472,0
0.8273772438659699,-0.3092756154954491,-0.5028639729296732,-0.5609748304808925,0.8119223343984152,-0.5449249778098341,0.7376951317802901,-0.3075623426146228,-1.6238025415294657,-0.5066552840628717,0.8505317485662419,-0.41331326869757246,-0.14359163172354764,-0.06715342778730747,569,2025-11-21T14:08:22.907472,0
0.8273772438659699,0.2171606617092432,-0.4902797934380587,-0.5609748304808925,0.8119223343984152,-0.5449249778098341,0.7376951317802901,-0.3075623426146228,0.6158384251930635,-0.5066552840628717,0.8505317485662419,-0.41331326869757246,-0.14359163172354764,-0.06715342778730747,570,2025-11-21T14:08:22.907472,1
-0.3693648410115938,2.4733161354436386,-0.43700743807979686,-0.5609748304808925,0.8119223343984152,-0.5449249778098341,0.7376951317802901,-0.3075623426146228,0.6158384251930635,-0.5066552840628717,0.8505317485662419,-0.41331326869757246,-0.14359163172354764,-0.06715342778730747,571,2025-11-21T14:08:22.907472,1
-1.5661069258891576,1.79646949332332,0.38809593507663365,0.6792945838081278,-1.2316448970959013,1.8351149988007642,-1.3555735383351195,-0.3075623426146228,0.6158384251930635,-0.5066552840628717,-1.175735064194511,2.4194722882988664,-0.14359163172354764,-0.06715342778730747,572,2025-11-21T14:08:22.907472,1
-1.5661069258891576,0.5179813915404959,-0.11711759540295616,-0.5609748304808925,0.8119223343984152,1.8351149988007642,0.7376951317802901,-0.3075623426146228,0.6158384251930635,-0.5066552840628717,0.8505317485662419,-0.41331326869757246,-0.14359163172354764,-0.06715342778730747,573,2025-11-21T14:08:22.907472,1
0.8273772438659699,-0.5724937540977952,-0.49237782784290063,-0.5609748304808925,0.8119223343984152,-0.5449249778098341,-1.3555735383351195,3.2513733362117265,-1.6238025415294657,1.9737285516515173,-1.175735064194511,-0.41331326869757246,-0.14359163172354764,-0.06715342778730747,574,2025-11-21T14:08:22.907472,1
0.8273772438659699,-0.9861222576157678,-0.4863374216869257,-0.5609748304808925,0.8119223343984152,-0.5449249778098341,0.7376951317802901,-0.3075623426146228,0.6158384251930635,-0.5066552840628717,0.8505317485662419,-0.41331326869757246,-0.14359163172354764,-0.06715342778730747,575,2025-11-21T14:08:22.907472,0
0.8273772438659699,-0.7605067102423282,-0.35646868933346404,-0.5609748304808925,0.8119223343984152,-0.5449249778098341,0.7376951317802901,-0.3075623426146228,0.6158384251930635,-0.5066552840628717,0.8505317485662419,-0.41331326869757246,-0.14359163172354764,-0.06715342778730747,576,2025-11-21T14:08:22.907472,0
-0.3693648410115938,0.36757102662486957,-0.3866707201133388,-0.5609748304808925,0.8119223343984152,-0.5449249778098341,-1.3555735383351195,-0.3075623426146228,0.6158384251930635,1.9737285516515173,-1.175735064194511,-0.41331326869757246,-0.14359163172354764,-0.06715342778730747,577,2025-11-21T14:08:22.907472,1
-1.5661069258891576,0.7435969389139355,0.4771073601910807,0.059159876663617626,-1.2316448970959013,1.8351149988007642,-1.3555735383351195,-0.3075623426146228,0.6158384251930635,-0.5066552840628717,-1.175735064194511,2.4194722882988664,-0.14359163172354764,-0.06715342778730747,578,2025-11-21T14:08:22.907472,1
0.8273772438659699,-0.5724937540977952,-0.3573083057891445,0.059159876663617626,-1.2316448970959013,-0.5449249778098341,-1.3555735383351195,-0.3075623426146228,-1.6238025415294657,-0.5066552840628717,-1.175735064194511,2.4194722882988664,-0.14359163172354764,-0.06715342778730747,579,2025-11-21T14:08:22.907472,0
0.8273772438659699,0.2171606617092432,-0.4888542575852486,-0.5609748304808925,0.8119223343984152,-0.5449249778098341,0.7376951317802901,-0.3075623426146228,0.6158384251930635,-0.5066552840628717,0.8505317485662419,-0.41331326869757246,-0.14359163172354764,-0.06715342778730747,580,2025-11-21T14:08:22.907472,1
-0.3693648410115938,-0.3092756154954491,-0.04438103794142432,0.6792945838081278,-1.2316448970959013,-0.5449249778098341,-1.3555735383351195,-0.3075623426146228,0.6158384251930635,1.9737285516515173,-1.175735064194511,-0.41331326869757246,-0.14359163172354764,-0.06715342778730747,581,2025-11-21T14:08:22.907472,1
-1.5661069258891576,0.7435969389139355,1.5841789061771412,0.6792945838081278,-1.2316448970959013,1.8351149988007642,-1.3555735383351195,-0.3075623426146228,-1.6238025415294657,-0.5066552840628717,-1.175735064194511,2.4194722882988664,-0.14359163172354764,-0.06715342778730747,582,2025-11-21T14:08:22.907472,1
-0.3693648410115938,1.8716746757811333,-0.12491978668775715,-0.5609748304808925,0.8119223343984152,-0.5449249778098341,0.7376951317802901,-0.3075623426146228,0.6158384251930635,-0.5066552840628717,0.8505317485662419,-0.41331326869757246,-0.14359163172354764,-0.06715342778730747,583,2025-11-21T14:08:22.907472,0
-1.5661069258891576,0.5179813915404959,0.15948266982273065,-0.5609748304808925,0.8119223343984152,1.8351149988007642,0.7376951317802901,-0.3075623426146228,-1.6238025415294657,-0.5066552840628717,0.8505317485662419,-0.41331326869757246,-0.14359163172354764,-0.06715342778730747,584,2025-11-21T14:08:22.907472,0
0.8273772438659699,-0.3092756154954491,-0.47299819142581434,-0.5609748304808925,0.8119223343984152,-0.5449249778098341,0.7376951317802901,-0.3075623426146228,-1.6238025415294657,-0.5066552840628717,0.8505317485662419,-0.41331326869757246,-0.14359163172354764,-0.06715342778730747,585,2025-11-21T14:08:22.907472,0
-1.5661069258891576,-0.8357118927001413,0.955306180872432,0.6792945838081278,-1.2316448970959013,1.8351149988007642,-1.3555735383351195,-0.3075623426146228,0.6158384251930635,1.9737285516515173,-1.175735064194511,-0.41331326869757246,-0.14359163172354764,-0.06715342778730747,586,2025-11-21T14:08:22.907472,1
-0.3693648410115938,1.345238398576441,-0.3464013457401724,-0.5609748304808925,0.8119223343984152,-0.5449249778098341,0.7376951317802901,-0.3075623426146228,0.6158384251930635,-0.5066552840628717,0.8505317485662419,-0.41331326869757246,-0.14359163172354764,-0.06715342778730747,587,2025-11-21T14:08:22.907472,0
-1.5661069258891576,2.3229057705280125,0.9462455716384695,0.6792945838081278,-1.2316448970959013,1.8351149988007642,0.7376951317802901,-0.3075623426146228,-1.6238025415294657,-0.5066552840628717,0.8505317485662419,-0.41331326869757246,-0.14359163172354764,-0.06715342778730747,588,2025-11-21T14:08:22.907472,1
0.8273772438659699,-0.5348911628688886,-0.4863374216869257,-0.5609748304808925,0.8119223343984152,-0.5449249778098341,0.7376951317802901,-0.3075623426146228,0.6158384251930635,-0.5066552840628717,0.8505317485662419,-0.41331326869757246,-0.14359163172354764,-0.06715342778730747,589,2025-11-21T14:08:22.907472,0
0.8273772438659699,-0.3092756154954491,-0.4863374216869257,-0.5609748304808925,0.8119223343984152,-0.5449249778098341,0.7376951317802901,-0.3075623426146228,0.6158384251930635,-0.5066552840628717,0.8505317485662419,-0.41331326869757246,-0.14359163172354764,-0.06715342778730747,590,2025-11-21T14:08:22.907472,0
0.8273772438659699,0.4427762090826827,-0.5049620073345151,-0.5609748304808925,0.8119223343984152,-0.5449249778098341,0.7376951317802901,-0.3075623426146228,0.6158384251930635,-0.5066552840628717,0.8505317485662419,-0.41331326869757246,-0.14359163172354764,-0.06715342778730747,591,2025-11-21T14:08:22.907472,0
-1.5661069258891576,1.7212643108655068,0.9274538680872313,0.059159876663617626,-1.2316448970959013,1.8351149988007642,-1.3555735383351195,-0.3075623426146228,-1.6238025415294657,-0.5066552840628717,-1.175735064194511,2.4194722882988664,-0.14359163172354764,-0.06715342778730747,592,2025-11-21T14:08:22.907472,1
0.8273772438659699,1.345238398576441,-0.5024451714361923,-0.5609748304808925,0.8119223343984152,-0.5449249778098341,0.7376951317802901,-0.3075623426146228,0.6158384251930635,-0.5066552840628717,0.8505317485662419,-0.41331326869757246,-0.14359163172354764,-0.06715342778730747,593,2025-11-21T14:08:22.907472,0
0.8273772438659699,-0.5724937540977952,-0.49237782784290063,0.6792945838081278,-1.2316448970959013,-0.5449249778098341,-1.3555735383351195,3.2513733362117265,-1.6238025415294657,1.9737285516515173,-1.175735064194511,-0.41331326869757246,-0.14359163172354764,-0.06715342778730747,594,2025-11-21T14:08:22.907472,0
-0.3693648410115938,0.5931865739983091,-0.12491978668775715,0.059159876663617626,-1.2316448970959013,-0.5449249778098341,0.7376951317802901,-0.3075623426146228,0.6158384251930635,-0.5066552840628717,0.8505317485662419,-0.41331326869757246,-0.14359163172354764,-0.06715342778730747,595,2025-11-21T14:08:22.907472,0
0.8273772438659699,0.5179813915404959,-0.1621689579829361,0.6792945838081278,-1.2316448970959013,-0.5449249778098341,0.7376951317802901,-0.3075623426146228,0.6158384251930635,-0.5066552840628717,0.8505317485662419,-0.41331326869757246,-0.14359163172354764,-0.06715342778730747,596,2025-11-21T14:08:22.907472,0
-0.3693648410115938,-0.08366006812200955,0.016023023618325298,-0.5609748304808925,0.8119223343984152,-0.5449249778098341,-1.3555735383351195,-0.3075623426146228,0.6158384251930635,1.9737285516515173,-1.175735064194511,-0.41331326869757246,-0.14359163172354764,-0.06715342778730747,597,2025-11-21T14:08:22.907472,1
0.8273772438659699,1.4956487634920672,-0.6484216535389205,-0.5609748304808925,0.8119223343984152,-0.5449249778098341,0.7376951317802901,-0.3075623426146228,0.6158384251930635,-0.5066552840628717,0.8505317485662419,-0.41331326869757246,-0.14359163172354764,-0.06715342778730747,598,2025-11-21T14:08:22.907472,0
0.8273772438659699,-0.3092756154954491,-0.5029485386158568,-0.5609748304808925,0.8119223343984152,-0.5449249778098341,0.7376951317802901,-0.3075623426146228,-1.6238025415294657,-0.5066552840628717,0.8505317485662419,-0.41331326869757246,-0.14359163172354764,-0.06715342778730747,599,2025-11-21T14:08:22.907472,0
-1.5661069258891576,1.4956487634920672,0.49782998024351216,0.059159876663617626,-1.2316448970959013,1.8351149988007642,0.7376951317802901,-0.3075623426146228,-1.6238025415294657,-0.5066552840628717,-1.175735064194511,-0.41331326869757246,-0.14359163172354764,14.891272611835431,600,2025-11-21T14:08:22.907472,1
-0.3693648410115938,-0.3844807979532623,-0.10478509950117394,1.299429290952638,-1.2316448970959013,-0.5449249778098341,-1.3555735383351195,-0.3075623426146228,0.6158384251930635,-0.5066552840628717,-1.175735064194511,2.4194722882988664,-0.14359163172354764,-0.06715342778730747,601,2025-11-21T14:08:22.907472,1
0.8273772438659699,-0.3092756154954491,-0.4894421904510968,-0.5609748304808925,0.8119223343984152,-0.5449249778098341,0.7376951317802901,-0.3075623426146228,0.6158384251930635,-0.5066552840628717,0.8505317485662419,-0.41331326869757246,-0.14359163172354764,-0.06715342778730747,602,2025-11-21T14:08:22.907472,0
-1.5661069258891576,0.8188021213717487,0.2052890831722074,-0.5609748304808925,0.8119223343984152,-0.5449249778098341,0.7376951317802901,-0.3075623426146228,0.6158384251930635,-0.5066552840628717,0.8505317485662419,-0.41331326869757246,-0.14359163172354764,-0.06715342778730747,603,2025-11-21T14:08:22.907472,0
0.8273772438659699,1.1196228512030013,-0.4863374216869257,-0.5609748304808925,0.8119223343984152,-0.5449249778098341,0.7376951317802901,-0.3075623426146228,0.6158384251930635,-0.5066552840628717,0.8505317485662419,-0.41331326869757246,-0.14359163172354764,-0.06715342778730747,604,2025-11-21T14:08:22.907472,0
-1.5661069258891576,0.4427762090826827,-0.11384570873513637,-0.5609748304808925,0.8119223343984152,-0.5449249778098341,0.7376951317802901,-0.3075623426146228,-1.6238025415294657,-0.5066552840628717,0.8505317485662419,-0.41331326869757246,-0.14359163172354764,-0.06715342778730747,605,2025-11-21T14:08:22.907472,1
0.8273772438659699,0.5179813915404959,-0.3353272677875516,0.059159876663617626,-1.2316448970959013,-0.5449249778098341,0.7376951317802901,-0.3075623426146228,0.6158384251930635,-0.5066552840628717,0.8505317485662419,-0.41331326869757246,-0.14359163172354764,-0.06715342778730747,606,2025-11-21T14:08:22.907472,0
0.8273772438659699,0.06675029679361683,-0.4894421904510968,-0.5609748304808925,0.8119223343984152,-0.5449249778098341,0.7376951317802901,-0.3075623426146228,0.6158384251930635,-0.5066552840628717,0.8505317485662419,-0.41331326869757246,-0.14359163172354764,-0.06715342778730747,607,2025-11-21T14:08:22.907472,0
-1.5661069258891576,-0.15886525057982273,-0.034313694348132716,-0.5609748304808925,0.8119223343984152,-0.5449249778098341,0.7376951317802901,-0.3075623426146228,0.6158384251930635,-0.5066552840628717,0.8505317485662419,-0.41331326869757246,-0.14359163172354764,-0.06715342778730747,608,2025-11-21T14:08:22.907472,1
-0.3693648410115938,-0.5348911628688886,0.18876253192945994,1.299429290952638,-1.2316448970959013,-0.5449249778098341,-1.3555735383351195,-0.3075623426146228,-1.6238025415294657,-0.5066552840628717,-1.175735064194511,2.4194722882988664,-0.14359163172354764,-0.06715342778730747,609,2025-11-21T14:08:22.907472,1
-1.5661069258891576,0.8188021213717487,2.441497778832105,-0.5609748304808925,0.8119223343984152,1.8351149988007642,-1.3555735383351195,-0.3075623426146228,0.6158384251930635,1.9737285516515173,-1.175735064194511,-0.41331326869757246,-0.14359163172354764,-0.06715342778730747,610,2025-11-21T14:08:22.907472,1
0.8273772438659699,0.7435969389139355,-0.01870931177853076,3.1598334123861687,-1.2316448970959013,-0.5449249778098341,-1.3555735383351195,-0.3075623426146228,0.6158384251930635,-0.5066552840628717,-1.175735064194511,2.4194722882988664,-0.14359163172354764,-0.06715342778730747,611,2025-11-21T14:08:22.907472,0
0.8273772438659699,-0.3092756154954491,-0.5064721088735089,-0.5609748304808925,0.8119223343984152,-0.5449249778098341,0.7376951317802901,-0.3075623426146228,0.6158384251930635,-0.5066552840628717,0.8505317485662419,-0.41331326869757246,-0.14359163172354764,-0.06715342778730747,612,2025-11-21T14:08:22.907472,0
0.8273772438659699,-0.5724937540977952,-0.3363340021468808,0.059159876663617626,-1.2316448970959013,-0.5449249778098341,-1.3555735383351195,3.2513733362117265,-1.6238025415294657,1.9737285516515173,-1.175735064194511,-0.41331326869757246,-0.14359163172354764,-0.06715342778730747,613,2025-11-21T14:08:22.907472,1
0.8273772438659699,-0.3092756154954491,-0.49237782784290063,-0.5609748304808925,0.8119223343984152,-0.5449249778098341,0.7376951317802901,3.2513733362117265,-1.6238025415294657,-0.5066552840628717,0.8505317485662419,-0.41331326869757246,-0.14359163172354764,-0.06715342778730747,614,2025-11-21T14:08:22.907472,0
0.8273772438659699,0.4427762090826827,-0.4863374216869257,-0.5609748304808925,0.8119223343984152,-0.5449249778098341,0.7376951317802901,-0.3075623426146228,0.6158384251930635,-0.5066552840628717,0.8505317485662419,-0.41331326869757246,-0.14359163172354764,-0.06715342778730747,615,2025-11-21T14:08:22.907472,0
-0.3693648410115938,-0.3844807979532623,0.6603330135889879,1.299429290952638,-1.2316448970959013,-0.5449249778098341,-1.3555735383351195,-0.3075623426146228,0.6158384251930635,1.9737285516515173,-1.175735064194511,-0.41331326869757246,-0.14359163172354764,-0.06715342778730747,616,2025-11-21T14:08:22.907472,1
0.8273772438659699,0.36757102662486957,-0.35848215805212236,0.6792945838081278,-1.2316448970959013,-0.5449249778098341,0.7376951317802901,-0.3075623426146228,0.6158384251930635,-0.5066552840628717,0.8505317485662419,-0.41331326869757246,-0.14359163172354764,-0.06715342778730747,617,2025-11-21T14:08:22.907472,0
0.8273772438659699,-0.23407043303763592,-0.32425318983493084,0.059159876663617626,-1.2316448970959013,-0.5449249778098341,-1.3555735383351195,-0.3075623426146228,0.6158384251930635,-0.5066552840628717,-1.175735064194511,2.4194722882988664,-0.14359163172354764,-0.06715342778730747,618,2025-11-21T14:08:22.907472,0
-0.3693648410115938,-1.8885844471095259,0.13683114673782454,1.299429290952638,-1.2316448970959013,1.8351149988007642,-1.3555735383351195,-0.3075623426146228,0.6158384251930635,1.9737285516515173,-1.175735064194511,-0.41331326869757246,-0.14359163172354764,-0.06715342778730747,619,2025-11-21T14:08:22.907472,1
-0.3693648410115938,-0.23407043303763592,-0.43700743807979686,-0.5609748304808925,0.8119223343984152,-0.5449249778098341,0.7376951317802901,-0.3075623426146228,0.6158384251930635,-0.5066552840628717,0.8505317485662419,-0.41331326869757246,-0.14359163172354764,-0.06715342778730747,620,2025-11-21T14:08:22.907472,0
0.8273772438659699,-0.15886525057982273,-0.3573908580066095,0.059159876663617626,-1.2316448970959013,-0.5449249778098341,0.7376951317802901,-0.3075623426146228,-1.6238025415294657,-0.5066552840628717,0.8505317485662419,-0.41331326869757246,-0.14359163172354764,-0.06715342778730747,621,2025-11-21T14:08:22.907472,0
-1.5661069258891576,0.969212486287375,0.40974072380221066,0.059159876663617626,-1.2316448970959013,1.8351149988007642,0.7376951317802901,-0.3075623426146228,0.6158384251930635,-0.5066552840628717,0.8505317485662419,-0.41331326869757246,-0.14359163172354764,-0.06715342778730747,622,2025-11-21T14:08:22.907472,1
0.8273772438659699,-0.685301527784515,-0.33146744825388363,0.6792945838081278,-1.2316448970959013,-0.5449249778098341,0.7376951317802901,-0.3075623426146228,-1.6238025415294657,-0.5066552840628717,0.8505317485662419,-0.41331326869757246,-0.14359163172354764,-0.06715342778730747,623,2025-11-21T14:08:22.907472,1
0.8273772438659699,-0.6100963453267019,-0.4902797934380587,-0.5609748304808925,0.8119223343984152,-0.5449249778098341,0.7376951317802901,-0.3075623426146228,0.6158384251930635,-0.5066552840628717,0.8505317485662419,-0.41331326869757246,-0.14359163172354764,-0.06715342778730747,624,2025-11-21T14:08:22.907472,0
0.8273772438659699,-0.6100963453267019,-0.32425318983493084,-0.5609748304808925,0.8119223343984152,-0.5449249778098341,0.7376951317802901,-0.3075623426146228,0.6158384251930635,-0.5066552840628717,0.8505317485662419,-0.41331326869757246,-0.14359163172354764,-0.06715342778730747,625,2025-11-21T14:08:22.907472,0
-1.5661069258891576,2.3981109529858253,0.002347544081197954,-0.5609748304808925,0.8119223343984152,1.8351149988007642,0.7376951317802901,-0.3075623426146228,0.6158384251930635,-0.5066552840628717,0.8505317485662419,-0.41331326869757246,-0.14359163172354764,-0.06715342778730747,626,2025-11-21T14:08:22.907472,0
-0.3693648410115938,2.0972902231545727,-0.3997582667846179,-0.5609748304808925,0.8119223343984152,-0.5449249778098341,0.7376951317802901,3.2513733362117265,-1.6238025415294657,-0.5066552840628717,-1.175735064194511,-0.41331326869757246,6.96419413859206,-0.06715342778730747,627,2025-11-21T14:08:22.907472,0
-1.5661069258891576,-0.6100963453267019,0.921244330558889,-0.5609748304808925,0.8119223343984152,1.8351149988007642,-1.3555735383351195,-0.3075623426146228,0.6158384251930635,1.9737285516515173,-1.175735064194511,-0.41331326869757246,-0.14359163172354764,-0.06715342778730747,628,2025-11-21T14:08:22.907472,1
0.8273772438659699,-0.23407043303763592,-0.4894421904510968,-0.5609748304808925,0.8119223343984152,-0.5449249778098341,0.7376951317802901,-0.3075623426146228,0.6158384251930635,-0.5066552840628717,0.8505317485662419,-0.41331326869757246,-0.14359163172354764,-0.06715342778730747,629,2025-11-21T14:08:22.907472,0
0.8273772438659699,-0.3092756154954491,-0.49271407711891657,-0.5609748304808925,0.8119223343984152,-0.5449249778098341,0.7376951317802901,3.2513733362117265,-1.6238025415294657,-0.5066552840628717,0.8505317485662419,-0.41331326869757246,-0.14359163172354764,-0.06715342778730747,630,2025-11-21T14:08:22.907472,0
-1.5661069258891576,3.827009419684276,-0.04438103794142432,-0.5609748304808925,0.8119223343984152,1.8351149988007642,0.7376951317802901,-0.3075623426146228,0.6158384251930635,-0.5066552840628717,0.8505317485662419,-0.41331326869757246,-0.14359163172354764,-0.06715342778730747,631,2025-11-21T14:08:22.907472,1
0.8273772438659699,1.6460591284076938,-0.5063875431873253,-0.5609748304808925,0.8119223343984152,-0.5449249778098341,0.7376951317802901,-0.3075623426146228,0.6158384251930635,-0.5066552840628717,0.8505317485662419,-0.41331326869757246,-0.14359163172354764,-0.06715342778730747,632,2025-11-21T14:08:22.907472,0
-1.5661069258891576,0.2171606617092432,-0.034313694348132716,-0.5609748304808925,0.8119223343984152,1.8351149988007642,0.7376951317802901,-0.3075623426146228,-1.6238025415294657,-0.5066552840628717,-1.175735064194511,-0.41331326869757246,6.96419413859206,-0.06715342778730747,633,2025-11-21T14:08:22.907472,1
-1.5661069258891576,0.8188021213717487,-0.6484216535389205,-0.5609748304808925,0.8119223343984152,-0.5449249778098341,0.7376951317802901,-0.3075623426146228,0.6158384251930635,-0.5066552840628717,0.8505317485662419,-0.41331326869757246,-0.14359163172354764,-0.06715342778730747,634,2025-11-21T14:08:22.907472,0
0.8273772438659699,-1.51255853482046,-0.08666388103324908,2.5396987052416584,-1.2316448970959013,-0.5449249778098341,-1.3555735383351195,-0.3075623426146228,0.6158384251930635,1.9737285516515173,-1.175735064194511,-0.41331326869757246,-0.14359163172354764,-0.06715342778730747,635,2025-11-21T14:08:22.907472,0
-0.3693648410115938,-0.08366006812200955,-0.3866707201133388,-0.5609748304808925,0.8119223343984152,-0.5449249778098341,-1.3555735383351195,-0.3075623426146228,0.6158384251930635,1.9737285516515173,-1.175735064194511,-0.41331326869757246,-0.14359163172354764,-0.06715342778730747,636,2025-11-21T14:08:22.907472,1
0.8273772438659699,0.2171606617092432,-0.4888542575852486,-0.5609748304808925,0.8119223343984152,-0.5449249778098341,0.7376951317802901,-0.3075623426146228,0.6158384251930635,-0.5066552840628717,0.8505317485662419,-0.41331326869757246,-0.14359163172354764,-0.06715342778730747,637,2025-11-21T14:08:22.907472,0
-0.3693648410115938,0.14195547925143,-0.11988611489111134,0.6792945838081278,-1.2316448970959013,-0.5449249778098341,0.7376951317802901,-0.3075623426146228,0.6158384251930635,-0.5066552840628717,0.8505317485662419,-0.41331326869757246,-0.14359163172354764,-0.06715342778730747,638,2025-11-21T14:08:22.907472,0
0.8273772438659699,0.8940073038295618,0.1506737441786005,2.5396987052416584,-1.2316448970959013,-0.5449249778098341,-1.3555735383351195,-0.3075623426146228,0.6158384251930635,-0.5066552840628717,-1.175735064194511,2.4194722882988664,-0.14359163172354764,-0.06715342778730747,639,2025-11-21T14:08:22.907472,0
0.8273772438659699,-0.3092756154954491,-0.32425318983493084,0.059159876663617626,-1.2316448970959013,-0.5449249778098341,0.7376951317802901,-0.3075623426146228,0.6158384251930635,-0.5066552840628717,0.8505317485662419,-0.41331326869757246,-0.14359163172354764,-0.06715342778730747,640,2025-11-21T14:08:22.907472,0
0.8273772438659699,-0.685301527784515,-0.4902797934380587,-0.5609748304808925,0.8119223343984152,-0.5449249778098341,0.7376951317802901,-0.3075623426146228,0.6158384251930635,-0.5066552840628717,0.8505317485662419,-0.41331326869757246,-0.14359163172354764,-0.06715342778730747,641,2025-11-21T14:08:22.907472,0
-1.5661069258891576,-0.3844807979532623,0.7469121684912956,-0.5609748304808925,0.8119223343984152,1.8351149988007642,-1.3555735383351195,-0.3075623426146228,-1.6238025415294657,-0.5066552840628717,-1.175735064194511,2.4194722882988664,-0.14359163172354764,-0.06715342778730747,642,2025-11-21T14:08:22.907472,1
0.8273772438659699,-2.038994812025152,-0.08666388103324908,2.5396987052416584,-1.2316448970959013,-0.5449249778098341,-1.3555735383351195,-0.3075623426146228,0.6158384251930635,1.9737285516515173,-1.175735064194511,-0.41331326869757246,-0.14359163172354764,-0.06715342778730747,643,2025-11-21T14:08:22.907472,0
0.8273772438659699,-0.3092756154954491,0.48910360681684706,-0.5609748304808925,0.8119223343984152,-0.5449249778098341,0.7376951317802901,-0.3075623426146228,0.6158384251930635,-0.5066552840628717,0.8505317485662419,-0.41331326869757246,-0.14359163172354764,-0.06715342778730747,644,2025-11-21T14:08:22.907472,1
0.8273772438659699,-2.1330012900974187,-0.26066180729354516,1.299429290952638,-1.2316448970959013,-0.5449249778098341,-1.3555735383351195,-0.3075623426146228,-1.6238025415294657,1.9737285516515173,-1.175735064194511,-0.41331326869757246,-0.14359163172354764,-0.06715342778730747,645,2025-11-21T14:08:22.907472,1
-1.5661069258891576,1.4204435810342542,0.8964967865378598,0.059159876663617626,-1.2316448970959013,1.8351149988007642,0.7376951317802901,-0.3075623426146228,-1.6238025415294657,-0.5066552840628717,0.8505317485662419,-0.41331326869757246,-0.14359163172354764,-0.06715342778730747,646,2025-11-21T14:08:22.907472,1
0.8273772438659699,-0.7605067102423282,-0.4894421904510968,-0.5609748304808925,0.8119223343984152,-0.5449249778098341,0.7376951317802901,-0.3075623426146228,0.6158384251930635,-0.5066552840628717,0.8505317485662419,-0.41331326869757246,-0.14359163172354764,-0.06715342778730747,647,2025-11-21T14:08:22.907472,0
-1.5661069258891576,2.0220850406967594,0.06635974158478332,-0.5609748304808925,0.8119223343984152,1.8351149988007642,0.7376951317802901,-0.3075623426146228,-1.6238025415294657,-0.5066552840628717,-1.175735064194511,-0.41331326869757246,6.96419413859206,-0.06715342778730747,648,2025-11-21T14:08:22.907472,1
0.8273772438659699,-0.3092756154954491,-0.49640476528021726,-0.5609748304808925,0.8119223343984152,-0.5449249778098341,0.7376951317802901,-0.3075623426146228,0.6158384251930635,-0.5066552840628717,0.8505317485662419,-0.41331326869757246,-0.14359163172354764,-0.06715342778730747,649,2025-11-21T14:08:22.907472,0
0.8273772438659699,-0.45968598041107545,-0.49640476528021726,-0.5609748304808925,0.8119223343984152,-0.5449249778098341,-1.3555735383351195,-0.3075623426146228,0.6158384251930635,1.9737285516515173,-1.175735064194511,-0.41331326869757246,-0.14359163172354764,-0.06715342778730747,650,2025-11-21T14:08:22.907472,1
0.8273772438659699,-0.3092756154954491,-0.4894421904510968,-0.5609748304808925,0.8119223343984152,-0.5449249778098341,0.7376951317802901,-0.3075623426146228,0.6158384251930635,-0.5066552840628717,0.8505317485662419,-0.41331326869757246,-0.14359163172354764,-0.06715342778730747,651,2025-11-21T14:08:22.907472,0
-0.3693648410115938,-0.8357118927001413,-0.18532384824750675,0.059159876663617626,-1.2316448970959013,-0.5449249778098341,-1.3555735383351195,-0.3075623426146228,0.6158384251930635,1.9737285516515173,-1.175735064194511,-0.41331326869757246,-0.14359163172354764,-0.06715342778730747,652,2025-11-21T14:08:22.907472,1
0.8273772438659699,-0.6100963453267019,-0.47861979608830835,-0.5609748304808925,0.8119223343984152,-0.5449249778098341,0.7376951317802901,-0.3075623426146228,0.6158384251930635,-0.5066552840628717,0.8505317485662419,-0.41331326869757246,-0.14359163172354764,-0.06715342778730747,653,2025-11-21T14:08:22.907472,0
0.8273772438659699,-0.5724937540977952,-0.49078316061772326,-0.5609748304808925,0.8119223343984152,-0.5449249778098341,-1.3555735383351195,3.2513733362117265,-1.6238025415294657,1.9737285516515173,-1.175735064194511,-0.41331326869757246,-0.14359163172354764,-0.06715342778730747,654,2025-11-21T14:08:22.907472,1
0.8273772438659699,-0.8357118927001413,-0.5125125150294839,-0.5609748304808925,0.8119223343984152,-0.5449249778098341,-1.3555735383351195,3.2513733362117265,-1.6238025415294657,1.9737285516515173,-1.175735064194511,-0.41331326869757246,-0.14359163172354764,-0.06715342778730747,655,2025-11-21T14:08:22.907472,0
-0.3693648410115938,-0.3844807979532623,0.8314778546749452,0.6792945838081278,-1.2316448970959013,-0.5449249778098341,0.7376951317802901,-0.3075623426146228,0.6158384251930635,-0.5066552840628717,0.8505317485662419,-0.41331326869757246,-0.14359163172354764,-0.06715342778730747,656,2025-11-21T14:08:22.907472,0
0.8273772438659699,-0.3092756154954491,-0.4894421904510968,-0.5609748304808925,0.8119223343984152,-0.5449249778098341,0.7376951317802901,-0.3075623426146228,0.6158384251930635,-0.5066552840628717,0.8505317485662419,-0.41331326869757246,-0.14359163172354764,-0.06715342778730747,657,2025-11-21T14:08:22.907472,0
0.8273772438659699,0.2171606617092432,-0.3363340021468808,0.6792945838081278,-1.2316448970959013,-0.5449249778098341,-1.3555735383351195,3.2513733362117265,-1.6238025415294657,-0.5066552840628717,-1.175735064194511,2.4194722882988664,-0.14359163172354764,-0.06715342778730747,658,2025-11-21T14:08:22.907472,0
-0.3693648410115938,-0.45968598041107545,-0.3866707201133388,-0.5609748304808925,0.8119223343984152,-0.5449249778098341,0.7376951317802901,-0.3075623426146228,0.6158384251930635,-0.5066552840628717,0.8505317485662419,-0.41331326869757246,-0.14359163172354764,-0.06715342778730747,659,2025-11-21T14:08:22.907472,0
-1.5661069258891576,2.172495405612386,1.6323350375212924,0.6792945838081278,-1.2316448970959013,1.8351149988007642,0.7376951317802901,-0.3075623426146228,-1.6238025415294657,-0.5066552840628717,0.8505317485662419,-0.41331326869757246,-0.14359163172354764,-0.06715342778730747,660,2025-11-21T14:08:22.907472,0
-1.5661069258891576,1.5708539459498805,2.042579288947925,0.6792945838081278,-1.2316448970959013,-0.5449249778098341,0.7376951317802901,-0.3075623426146228,0.6158384251930635,-0.5066552840628717,-1.175735064194511,-0.41331326869757246,6.96419413859206,-0.06715342778730747,661,2025-11-21T14:08:22.907472,1
0.8273772438659699,0.8188021213717487,-0.5029485386158568,-0.5609748304808925,0.8119223343984152,-0.5449249778098341,0.7376951317802901,-0.3075623426146228,-1.6238025415294657,-0.5066552840628717,0.8505317485662419,-0.41331326869757246,-0.14359163172354764,-0.06715342778730747,662,2025-11-21T14:08:22.907472,0
-1.5661069258891576,1.345238398576441,-0.13322534515222276,-0.5609748304808925,0.8119223343984152,1.8351149988007642,0.7376951317802901,-0.3075623426146228,0.6158384251930635,-0.5066552840628717,0.8505317485662419,-0.41331326869757246,-0.14359163172354764,-0.06715342778730747,663,2025-11-21T14:08:22.907472,0
0.8273772438659699,0.5179813915404959,-0.4974960653257301,-0.5609748304808925,0.8119223343984152,-0.5449249778098341,0.7376951317802901,-0.3075623426146228,0.6158384251930635,-0.5066552840628717,0.8505317485662419,-0.41331326869757246,-0.14359163172354764,-0.06715342778730747,664,2025-11-21T14:08:22.907472,0
0.8273772438659699,-0.685301527784515,-0.4888542575852486,0.059159876663617626,-1.2316448970959013,-0.5449249778098341,0.7376951317802901,-0.3075623426146228,0.6158384251930635,-0.5066552840628717,0.8505317485662419,-0.41331326869757246,-0.14359163172354764,-0.06715342778730747,665,2025-11-21T14:08:22.907472,1
-0.3693648410115938,0.2171606617092432,0.8314778546749452,0.6792945838081278,-1.2316448970959013,-0.5449249778098341,0.7376951317802901,-0.3075623426146228,0.6158384251930635,-0.5066552840628717,0.8505317485662419,-0.41331326869757246,-0.14359163172354764,-0.06715342778730747,666,2025-11-21T14:08:22.907472,0
-0.3693648410115938,-0.3092756154954491,-0.3866707201133388,-0.5609748304808925,0.8119223343984152,-0.5449249778098341,0.7376951317802901,-0.3075623426146228,0.6158384251930635,-0.5066552840628717,0.8505317485662419,-0.41331326869757246,-0.14359163172354764,-0.06715342778730747,667,2025-11-21T14:08:22.907472,0
0.8273772438659699,-0.3092756154954491,-0.4918744606632361,-0.5609748304808925,0.8119223343984152,-0.5449249778098341,0.7376951317802901,-0.3075623426146228,0.6158384251930635,-0.5066552840628717,0.8505317485662419,-0.41331326869757246,-0.14359163172354764,-0.06715342778730747,668,2025-11-21T14:08:22.907472,0
0.8273772438659699,1.0444176687451883,-0.4863374216869257,-0.5609748304808925,0.8119223343984152,-0.5449249778098341,0.7376951317802901,-0.3075623426146228,0.6158384251930635,-0.5066552840628717,0.8505317485662419,-0.41331326869757246,-0.14359163172354764,-0.06715342778730747,669,2025-11-21T14:08:22.907472,0
-1.5661069258891576,0.4427762090826827,0.39858208016340624,0.059159876663617626,-1.2316448970959013,1.8351149988007642,-1.3555735383351195,-0.3075623426146228,0.6158384251930635,-0.5066552840628717,-1.175735064194511,2.4194722882988664,-0.14359163172354764,-0.06715342778730747,670,2025-11-21T14:08:22.907472,1
-0.3693648410115938,0.8188021213717487,0.13683114673782454,0.6792945838081278,-1.2316448970959013,-0.5449249778098341,-1.3555735383351195,-0.3075623426146228,0.6158384251930635,-0.5066552840628717,-1.175735064194511,2.4194722882988664,-0.14359163172354764,-0.06715342778730747,671,2025-11-21T14:08:22.907472,1
-1.5661069258891576,0.14195547925143,0.39858208016340624,0.059159876663617626,-1.2316448970959013,1.8351149988007642,0.7376951317802901,-0.3075623426146228,0.6158384251930635,-0.5066552840628717,0.8505317485662419,-0.41331326869757246,-0.14359163172354764,-0.06715342778730747,672,2025-11-21T14:08:22.907472,0
-0.3693648410115938,3.0749575951061443,-0.43700743807979686,-0.5609748304808925,0.8119223343984152,-0.5449249778098341,0.7376951317802901,-0.3075623426146228,0.6158384251930635,-0.5066552840628717,0.8505317485662419,-0.41331326869757246,-0.14359163172354764,-0.06715342778730747,673,2025-11-21T14:08:22.907472,0
-0.3693648410115938,0.14195547925143,-0.3866707201133388,-0.5609748304808925,0.8119223343984152,-0.5449249778098341,0.7376951317802901,-0.3075623426146228,0.6158384251930635,-0.5066552840628717,0.8505317485662419,-0.41331326869757246,-0.14359163172354764,-0.06715342778730747,674,2025-11-21T14:08:22.907472,1
-0.3693648410115938,0.06675029679361683,-0.6484216535389205,-0.5609748304808925,0.8119223343984152,-0.5449249778098341,0.7376951317802901,-0.3075623426146228,0.6158384251930635,-0.5066552840628717,0.8505317485662419,-0.41331326869757246,-0.14359163172354764,-0.06715342778730747,675,2025-11-21T14:08:22.907472,0
0.8273772438659699,-0.8357118927001413,-0.4918744606632361,-0.5609748304808925,0.8119223343984152,-0.5449249778098341,0.7376951317802901,-0.3075623426146228,0.6158384251930635,-0.5066552840628717,0.8505317485662419,-0.41331326869757246,-0.14359163172354764,-0.06715342778730747,676,2025-11-21T14:08:22.907472,0
0.8273772438659699,-0.3468782067243557,-0.4863374216869257,-0.5609748304808925,0.8119223343984152,-0.5449249778098341,0.7376951317802901,-0.3075623426146228,0.6158384251930635,-0.5066552840628717,0.8505317485662419,-0.41331326869757246,-0.14359163172354764,-0.06715342778730747,677,2025-11-21T14:08:22.907472,0
0.8273772438659699,-0.8357118927001413,-0.45026210265472455,-0.5609748304808925,0.8119223343984152,-0.5449249778098341,-1.3555735383351195,-0.3075623426146228,0.6158384251930635,1.9737285516515173,-1.175735064194511,-0.41331326869757246,-0.14359163172354764,-0.06715342778730747,678,2025-11-21T14:08:22.907472,1
0.8273772438659699,1.0444176687451883,0.2958951755118318,3.779968119530679,-1.2316448970959013,-0.5449249778098341,-1.3555735383351195,-0.3075623426146228,0.6158384251930635,-0.5066552840628717,-1.175735064194511,2.4194722882988664,-0.14359163172354764,-0.06715342778730747,679,2025-11-21T14:08:22.907472,0
-1.5661069258891576,0.5179813915404959,9.667166525013505,0.059159876663617626,-1.2316448970959013,1.8351149988007642,0.7376951317802901,-0.3075623426146228,-1.6238025415294657,-0.5066552840628717,0.8505317485662419,-0.41331326869757246,-0.14359163172354764,-0.06715342778730747,680,2025-11-21T14:08:22.907472,1
0.8273772438659699,-0.5724937540977952,-0.48457563655809965,-0.5609748304808925,0.8119223343984152,-0.5449249778098341,-1.3555735383351195,3.2513733362117265,-1.6238025415294657,1.9737285516515173,-1.175735064194511,-0.41331326869757246,-0.14359163172354764,-0.06715342778730747,681,2025-11-21T14:08:22.907472,0
-1.5661069258891576,-0.15886525057982273,0.8964967865378598,-0.5609748304808925,0.8119223343984152,1.8351149988007642,0.7376951317802901,-0.3075623426146228,-1.6238025415294657,-0.5066552840628717,0.8505317485662419,-0.41331326869757246,-0.14359163172354764,-0.06715342778730747,682,2025-11-21T14:08:22.907472,1
0.8273772438659699,-0.685301527784515,-0.4626791642426904,-0.5609748304808925,0.8119223343984152,-0.5449249778098341,0.7376951317802901,-0.3075623426146228,0.6158384251930635,-0.5066552840628717,0.8505317485662419,-0.41331326869757246,-0.14359163172354764,-0.06715342778730747,683,2025-11-21T14:08:22.907472,0
0.8273772438659699,-1.136532622531394,0.2958951755118318,3.779968119530679,-1.2316448970959013,-0.5449249778098341,0.7376951317802901,-0.3075623426146228,0.6158384251930635,-0.5066552840628717,0.8505317485662419,-0.41331326869757246,-0.14359163172354764,-0.06715342778730747,684,2025-11-21T14:08:22.907472,0
-0.3693648410115938,2.3229057705280125,0.13683114673782454,0.6792945838081278,-1.2316448970959013,-0.5449249778098341,0.7376951317802901,-0.3075623426146228,0.6158384251930635,-0.5066552840628717,0.8505317485662419,-0.41331326869757246,-0.14359163172354764,-0.06715342778730747,685,2025-11-21T14:08:22.907472,0
-0.3693648410115938,-0.3092756154954491,0.18876253192945994,1.299429290952638,-1.2316448970959013,-0.5449249778098341,0.7376951317802901,-0.3075623426146228,-1.6238025415294657,-0.5066552840628717,0.8505317485662419,-0.41331326869757246,-0.14359163172354764,-0.06715342778730747,686,2025-11-21T14:08:22.907472,0
0.8273772438659699,-1.136532622531394,0.1506737441786005,2.5396987052416584,-1.2316448970959013,-0.5449249778098341,0.7376951317802901,-0.3075623426146228,0.6158384251930635,-0.5066552840628717,0.8505317485662419,-0.41331326869757246,-0.14359163172354764,-0.06715342778730747,687,2025-11-21T14:08:22.907472,0
0.8273772438659699,-0.7605067102423282,-0.44363577710162005,-0.5609748304808925,0.8119223343984152,-0.5449249778098341,0.7376951317802901,-0.3075623426146228,0.6158384251930635,-0.5066552840628717,0.8505317485662419,-0.41331326869757246,-0.14359163172354764,-0.06715342778730747,688,2025-11-21T14:08:22.907472,0
0.8273772438659699,-0.8357118927001413,-0.49145565916975514,-0.5609748304808925,0.8119223343984152,-0.5449249778098341,0.7376951317802901,-0.3075623426146228,0.6158384251930635,-0.5066552840628717,0.8505317485662419,-0.41331326869757246,-0.14359163172354764,-0.06715342778730747,689,2025-11-21T14:08:22.907472,0
-1.5661069258891576,-1.061327440073581,3.6067927997556075,0.059159876663617626,-1.2316448970959013,1.8351149988007642,-1.3555735383351195,-0.3075623426146228,0.6158384251930635,1.9737285516515173,-1.175735064194511,-0.41331326869757246,-0.14359163172354764,-0.06715342778730747,690,2025-11-21T14:08:22.907472,1
-1.5661069258891576,0.14195547925143,0.49925551609632224,0.059159876663617626,-1.2316448970959013,1.8351149988007642,0.7376951317802901,-0.3075623426146228,0.6158384251930635,-0.5066552840628717,0.8505317485662419,-0.41331326869757246,-0.14359163172354764,-0.06715342778730747,691,2025-11-21T14:08:22.907472,1
0.8273772438659699,-1.8885844471095259,-0.37828059596268965,0.059159876663617626,-1.2316448970959013,-0.5449249778098341,-1.3555735383351195,-0.3075623426146228,-1.6238025415294657,1.9737285516515173,-1.175735064194511,-0.41331326869757246,-0.14359163172354764,-0.06715342778730747,692,2025-11-21T14:08:22.907472,1
0.8273772438659699,-0.3092756154954491,0.48910360681684706,-0.5609748304808925,0.8119223343984152,-0.5449249778098341,0.7376951317802901,-0.3075623426146228,0.6158384251930635,-0.5066552840628717,0.8505317485662419,-0.41331326869757246,-0.14359163172354764,-0.06715342778730747,693,2025-11-21T14:08:22.907472,1
0.8273772438659699,-0.3092756154954491,-0.5029485386158568,-0.5609748304808925,0.8119223343984152,-0.5449249778098341,0.7376951317802901,-0.3075623426146228,-1.6238025415294657,-0.5066552840628717,0.8505317485662419,-0.41331326869757246,-0.14359163172354764,-0.06715342778730747,694,2025-11-21T14:08:22.907472,0
-1.5661069258891576,2.3229057705280125,-0.11384570873513637,-0.5609748304808925,0.8119223343984152,-0.5449249778098341,0.7376951317802901,-0.3075623426146228,0.6158384251930635,-0.5066552840628717,-1.175735064194511,-0.41331326869757246,6.96419413859206,-0.06715342778730747,695,2025-11-21T14:08:22.907472,0
-0.3693648410115938,1.7212643108655068,-0.3766033765200472,-0.5609748304808925,0.8119223343984152,-0.5449249778098341,0.7376951317802901,-0.3075623426146228,0.6158384251930635,-0.5066552840628717,0.8505317485662419,-0.41331326869757246,-0.14359163172354764,-0.06715342778730747,696,2025-11-21T14:08:22.907472,0
0.8273772438659699,1.1196228512030013,-0.4863374216869257,-0.5609748304808925,0.8119223343984152,-0.5449249778098341,0.7376951317802901,-0.3075623426146228,0.6158384251930635,-0.5066552840628717,0.8505317485662419,-0.41331326869757246,-0.14359163172354764,-0.06715342778730747,697,2025-11-21T14:08:22.907472,0
0.8273772438659699,-0.5724937540977952,-0.49271407711891657,-0.5609748304808925,0.8119223343984152,-0.5449249778098341,-1.3555735383351195,3.2513733362117265,-1.6238025415294657,1.9737285516515173,-1.175735064194511,-0.41331326869757246,-0.14359163172354764,-0.06715342778730747,698,2025-11-21T14:08:22.907472,1
-1.5661069258891576,1.4956487634920672,1.5841789061771412,0.6792945838081278,-1.2316448970959013,1.8351149988007642,0.7376951317802901,-0.3075623426146228,-1.6238025415294657,-0.5066552840628717,0.8505317485662419,-0.41331326869757246,-0.14359163172354764,-0.06715342778730747,699,2025-11-21T14:08:22.907472,0
0.8273772438659699,0.969212486287375,-0.494391296561559,-0.5609748304808925,0.8119223343984152,1.8351149988007642,0.7376951317802901,-0.3075623426146228,0.6158384251930635,-0.5066552840628717,0.8505317485662419,-0.41331326869757246,-0.14359163172354764,-0.06715342778730747,700,2025-11-21T14:08:22.907472,0
-1.5661069258891576,-0.8357118927001413,3.9327230485884233,0.059159876663617626,-1.2316448970959013,1.8351149988007642,-1.3555735383351195,-0.3075623426146228,-1.6238025415294657,-0.5066552840628717,-1.175735064194511,2.4194722882988664,-0.14359163172354764,-0.06715342778730747,701,2025-11-21T14:08:22.907472,1
-1.5661069258891576,0.4427762090826827,-0.11913106412161445,-0.5609748304808925,0.8119223343984152,1.8351149988007642,0.7376951317802901,-0.3075623426146228,0.6158384251930635,-0.5066552840628717,0.8505317485662419,-0.41331326869757246,-0.14359163172354764,-0.06715342778730747,702,2025-11-21T14:08:22.907472,1
0.8273772438659699,-0.8357118927001413,-0.3573908580066095,0.059159876663617626,-1.2316448970959013,-0.5449249778098341,-1.3555735383351195,-0.3075623426146228,-1.6238025415294657,1.9737285516515173,-1.175735064194511,-0.41331326869757246,-0.14359163172354764,-0.06715342778730747,703,2025-11-21T14:08:22.907472,0
0.8273772438659699,-0.3092756154954491,-0.4925449457465493,-0.5609748304808925,0.8119223343984152,-0.5449249778098341,0.7376951317802901,3.2513733362117265,-1.6238025415294657,-0.5066552840628717,0.8505317485662419,-0.41331326869757246,-0.14359163172354764,-0.06715342778730747,704,2025-11-21T14:08:22.907472,0
0.8273772438659699,-0.23407043303763592,-0.4902797934380587,0.059159876663617626,-1.2316448970959013,-0.5449249778098341,0.7376951317802901,-0.3075623426146228,0.6158384251930635,-0.5066552840628717,0.8505317485662419,-0.41331326869757246,-0.14359163172354764,-0.06715342778730747,705,2025-11-21T14:08:22.907472,0
-0.3693648410115938,0.7435969389139355,-0.12491978668775715,-0.5609748304808925,0.8119223343984152,-0.5449249778098341,0.7376951317802901,-0.3075623426146228,0.6158384251930635,-0.5066552840628717,0.8505317485662419,-0.41331326869757246,-0.14359163172354764,-0.06715342778730747,706,2025-11-21T14:08:22.907472,0
-0.3693648410115938,1.1948280336608146,-0.3766033765200472,-0.5609748304808925,0.8119223343984152,-0.5449249778098341,-1.3555735383351195,-0.3075623426146228,0.6158384251930635,-0.5066552840628717,-1.175735064194511,2.4194722882988664,-0.14359163172354764,-0.06715342778730747,707,2025-11-21T14:08:22.907472,1
-1.5661069258891576,0.969212486287375,-0.11913106412161445,-0.5609748304808925,0.8119223343984152,1.8351149988007642,0.7376951317802901,-0.3075623426146228,0.6158384251930635,-0.5066552840628717,0.8505317485662419,-0.41331326869757246,-0.14359163172354764,-0.06715342778730747,708,2025-11-21T14:08:22.907472,1
-1.5661069258891576,-0.5348911628688886,2.4029901895877646,-0.5609748304808925,0.8119223343984152,-0.5449249778098341,-1.3555735383351195,-0.3075623426146228,0.6158384251930635,1.9737285516515173,-1.175735064194511,-0.41331326869757246,-0.14359163172354764,-0.06715342778730747,709,2025-11-21T14:08:22.907472,1
0.8273772438659699,-0.3092756154954491,-0.3414522396297103,0.6792945838081278,-1.2316448970959013,-0.5449249778098341,0.7376951317802901,-0.3075623426146228,-1.6238025415294657,-0.5066552840628717,-1.175735064194511,-0.41331326869757246,-0.14359163172354764,-0.06715342778730747,710,2025-11-21T14:08:22.907472,1
-1.5661069258891576,-0.3844807979532623,0.3483299278831318,-0.5609748304808925,0.8119223343984152,1.8351149988007642,-1.3555735383351195,-0.3075623426146228,-1.6238025415294657,-0.5066552840628717,-1.175735064194511,2.4194722882988664,-0.14359163172354764,-0.06715342778730747,711,2025-11-21T14:08:22.907472,1
-1.5661069258891576,0.8188021213717487,-0.11384570873513637,-0.5609748304808925,0.8119223343984152,1.8351149988007642,0.7376951317802901,-0.3075623426146228,0.6158384251930635,-0.5066552840628717,0.8505317485662419,-0.41331326869757246,-0.14359163172354764,-0.06715342778730747,712,2025-11-21T14:08:22.907472,0
-1.5661069258891576,1.4204435810342542,0.39858208016340624,0.059159876663617626,-1.2316448970959013,1.8351149988007642,0.7376951317802901,-0.3075623426146228,0.6158384251930635,-0.5066552840628717,0.8505317485662419,-0.41331326869757246,-0.14359163172354764,-0.06715342778730747,713,2025-11-21T14:08:22.907472,1
0.8273772438659699,-0.008454885664196365,-0.457478374542396,-0.5609748304808925,0.8119223343984152,-0.5449249778098341,0.7376951317802901,-0.3075623426146228,0.6158384251930635,-0.5066552840628717,0.8505317485662419,-0.41331326869757246,-0.14359163172354764,-0.06715342778730747,714,2025-11-21T14:08:22.907472,0
-0.3693648410115938,1.7212643108655068,-0.3866707201133388,-0.5609748304808925,0.8119223343984152,-0.5449249778098341,0.7376951317802901,-0.3075623426146228,0.6158384251930635,-0.5066552840628717,0.8505317485662419,-0.41331326869757246,-0.14359163172354764,-0.06715342778730747,715,2025-11-21T14:08:22.907472,0
0.8273772438659699,-0.7605067102423282,-0.494391296561559,-0.5609748304808925,0.8119223343984152,1.8351149988007642,0.7376951317802901,-0.3075623426146228,0.6158384251930635,-0.5066552840628717,0.8505317485662419,-0.41331326869757246,-0.14359163172354764,-0.06715342778730747,716,2025-11-21T14:08:22.907472,0
-1.5661069258891576,0.6683917564561223,3.9327230485884233,-0.5609748304808925,0.8119223343984152,1.8351149988007642,-1.3555735383351195,-0.3075623426146228,-1.6238025415294657,1.9737285516515173,-1.175735064194511,-0.41331326869757246,-0.14359163172354764,-0.06715342778730747,717,2025-11-21T14:08:22.907472,1
-0.3693648410115938,-0.15886525057982273,-0.43700743807979686,-0.5609748304808925,0.8119223343984152,1.8351149988007642,-1.3555735383351195,-0.3075623426146228,0.6158384251930635,1.9737285516515173,-1.175735064194511,-0.41331326869757246,-0.14359163172354764,-0.06715342778730747,718,2025-11-21T14:08:22.907472,1
0.8273772438659699,-0.3092756154954491,-0.3363340021468808,-0.5609748304808925,0.8119223343984152,-0.5449249778098341,0.7376951317802901,3.2513733362117265,-1.6238025415294657,-0.5066552840628717,0.8505317485662419,-0.41331326869757246,-0.14359163172354764,-0.06715342778730747,719,2025-11-21T14:08:22.907472,0
0.8273772438659699,0.29236584416705635,-0.4918744606632361,-0.5609748304808925,0.8119223343984152,-0.5449249778098341,0.7376951317802901,-0.3075623426146228,0.6158384251930635,-0.5066552840628717,0.8505317485662419,-0.41331326869757246,-0.14359163172354764,-0.06715342778730747,720,2025-11-21T14:08:22.907472,0
-0.3693648410115938,-1.7381740821938996,0.016023023618325298,0.059159876663617626,-1.2316448970959013,-0.5449249778098341,-1.3555735383351195,-0.3075623426146228,0.6158384251930635,1.9737285516515173,-1.175735064194511,-0.41331326869757246,-0.14359163172354764,-0.06715342778730747,721,2025-11-21T14:08:22.907472,1
0.8273772438659699,-0.9109170751579546,-0.5063875431873253,0.059159876663617626,-1.2316448970959013,-0.5449249778098341,0.7376951317802901,-0.3075623426146228,0.6158384251930635,-0.5066552840628717,0.8505317485662419,-0.41331326869757246,-0.14359163172354764,-0.06715342778730747,722,2025-11-21T14:08:22.907472,0
-0.3693648410115938,0.36757102662486957,-0.3866707201133388,-0.5609748304808925,0.8119223343984152,-0.5449249778098341,0.7376951317802901,-0.3075623426146228,0.6158384251930635,-0.5066552840628717,0.8505317485662419,-0.41331326869757246,-0.14359163172354764,-0.06715342778730747,723,2025-11-21T14:08:22.907472,0
-0.3693648410115938,1.5708539459498805,-0.3866707201133388,-0.5609748304808925,0.8119223343984152,-0.5449249778098341,0.7376951317802901,-0.3075623426146228,0.6158384251930635,-0.5066552840628717,0.8505317485662419,-0.41331326869757246,-0.14359163172354764,-0.06715342778730747,724,2025-11-21T14:08:22.907472,0
-1.5661069258891576,-0.15886525057982273,0.4207302360686478,0.059159876663617626,-1.2316448970959013,1.8351149988007642,0.7376951317802901,-0.3075623426146228,0.6158384251930635,-0.5066552840628717,0.8505317485662419,-0.41331326869757246,-0.14359163172354764,-0.06715342778730747,725,2025-11-21T14:08:22.907472,1
0.8273772438659699,-0.685301527784515,-0.47400492578514347,-0.5609748304808925,0.8119223343984152,-0.5449249778098341,0.7376951317802901,-0.3075623426146228,0.6158384251930635,-0.5066552840628717,0.8505317485662419,-0.41331326869757246,-0.14359163172354764,-0.06715342778730747,726,2025-11-21T14:08:22.907472,0
-0.3693648410115938,0.06675029679361683,-0.22559322262067316,1.299429290952638,-1.2316448970959013,-0.5449249778098341,-1.3555735383351195,-0.3075623426146228,0.6158384251930635,-0.5066552840628717,-1.175735064194511,2.4194722882988664,-0.14359163172354764,-0.06715342778730747,727,2025-11-21T14:08:22.907472,1
0.8273772438659699,-0.5724937540977952,-0.4926295114327329,-0.5609748304808925,0.8119223343984152,-0.5449249778098341,-1.3555735383351195,3.2513733362117265,-1.6238025415294657,1.9737285516515173,-1.175735064194511,-0.41331326869757246,-0.14359163172354764,-0.06715342778730747,728,2025-11-21T14:08:22.907472,1
-0.3693648410115938,-0.3092756154954491,-0.12491978668775715,0.059159876663617626,-1.2316448970959013,-0.5449249778098341,0.7376951317802901,-0.3075623426146228,0.6158384251930635,-0.5066552840628717,0.8505317485662419,-0.41331326869757246,-0.14359163172354764,-0.06715342778730747,729,2025-11-21T14:08:22.907472,0
0.8273772438659699,-0.3092756154954491,-0.4888542575852486,0.059159876663617626,-1.2316448970959013,-0.5449249778098341,-1.3555735383351195,-0.3075623426146228,0.6158384251930635,1.9737285516515173,-1.175735064194511,-0.41331326869757246,-0.14359163172354764,-0.06715342778730747,730,2025-11-21T14:08:22.907472,0
-1.5661069258891576,-0.008454885664196365,3.6067927997556075,-0.5609748304808925,0.8119223343984152,1.8351149988007642,-1.3555735383351195,-0.3075623426146228,0.6158384251930635,1.9737285516515173,-1.175735064194511,-0.41331326869757246,-0.14359163172354764,-0.06715342778730747,731,2025-11-21T14:08:22.907472,1
0.8273772438659699,-1.3621481699048337,-0.2701412180209885,-0.5609748304808925,0.8119223343984152,-0.5449249778098341,0.7376951317802901,-0.3075623426146228,-1.6238025415294657,-0.5066552840628717,0.8505317485662419,-0.41331326869757246,-0.14359163172354764,-0.06715342778730747,732,2025-11-21T14:08:22.907472,0
-0.3693648410115938,0.06675029679361683,-0.6484216535389205,-0.5609748304808925,0.8119223343984152,-0.5449249778098341,0.7376951317802901,-0.3075623426146228,0.6158384251930635,-0.5066552840628717,0.8505317485662419,-0.41331326869757246,-0.14359163172354764,-0.06715342778730747,733,2025-11-21T14:08:22.907472,0
-0.3693648410115938,-0.45968598041107545,-0.3866707201133388,-0.5609748304808925,0.8119223343984152,-0.5449249778098341,0.7376951317802901,-0.3075623426146228,0.6158384251930635,-0.5066552840628717,0.8505317485662419,-0.41331326869757246,-0.14359163172354764,-0.06715342778730747,734,2025-11-21T14:08:22.907472,0
-0.3693648410115938,-0.45968598041107545,-0.3866707201133388,-0.5609748304808925,0.8119223343984152,-0.5449249778098341,0.7376951317802901,-0.3075623426146228,0.6158384251930635,-0.5066552840628717,0.8505317485662419,-0.41331326869757246,-0.14359163172354764,-0.06715342778730747,735,2025-11-21T14:08:22.907472,0
0.8273772438659699,-0.04605747689310296,-0.32425318983493084,-0.5609748304808925,0.8119223343984152,-0.5449249778098341,0.7376951317802901,-0.3075623426146228,0.6158384251930635,-0.5066552840628717,0.8505317485662419,-0.41331326869757246,-0.14359163172354764,-0.06715342778730747,736,2025-11-21T14:08:22.907472,0
0.8273772438659699,1.4204435810342542,0.04370821849987721,1.9195639980971482,-1.2316448970959013,-0.5449249778098341,-1.3555735383351195,-0.3075623426146228,0.6158384251930635,-0.5066552840628717,-1.175735064194511,2.4194722882988664,-0.14359163172354764,-0.06715342778730747,737,2025-11-21T14:08:22.907472,0
-1.5661069258891576,0.4427762090826827,9.667166525013505,-0.5609748304808925,0.8119223343984152,1.8351149988007642,0.7376951317802901,-0.3075623426146228,-1.6238025415294657,-0.5066552840628717,0.8505317485662419,-0.41331326869757246,-0.14359163172354764,-0.06715342778730747,738,2025-11-21T14:08:22.907472,1
0.8273772438659699,-0.3092756154954491,-0.4894421904510968,-0.5609748304808925,0.8119223343984152,-0.5449249778098341,0.7376951317802901,-0.3075623426146228,0.6158384251930635,-0.5066552840628717,0.8505317485662419,-0.41331326869757246,-0.14359163172354764,-0.06715342778730747,739,2025-11-21T14:08:22.907472,0
0.8273772438659699,-0.3092756154954491,-0.4894421904510968,-0.5609748304808925,0.8119223343984152,-0.5449249778098341,0.7376951317802901,-0.3075623426146228,0.6158384251930635,-0.5066552840628717,0.8505317485662419,-0.41331326869757246,-0.14359163172354764,-0.06715342778730747,740,2025-11-21T14:08:22.907472,0
-1.5661069258891576,0.8188021213717487,-0.04438103794142432,-0.5609748304808925,0.8119223343984152,1.8351149988007642,0.7376951317802901,-0.3075623426146228,0.6158384251930635,-0.5066552840628717,0.8505317485662419,-0.41331326869757246,-0.14359163172354764,-0.06715342778730747,741,2025-11-21T14:08:22.907472,1
-1.5661069258891576,0.5179813915404959,0.9391984311231651,0.059159876663617626,-1.2316448970959013,1.8351149988007642,0.7376951317802901,-0.3075623426146228,0.6158384251930635,-0.5066552840628717,0.8505317485662419,-0.41331326869757246,-0.14359163172354764,-0.06715342778730747,742,2025-11-21T14:08:22.907472,0
-1.5661069258891576,-0.6100963453267019,4.634416897040849,1.9195639980971482,-1.2316448970959013,1.8351149988007642,-1.3555735383351195,-0.3075623426146228,-1.6238025415294657,1.9737285516515173,-1.175735064194511,-0.41331326869757246,-0.14359163172354764,-0.06715342778730747,743,2025-11-21T14:08:22.907472,1
0.8273772438659699,-0.3844807979532623,-0.32425318983493084,0.059159876663617626,-1.2316448970959013,-0.5449249778098341,0.7376951317802901,-0.3075623426146228,0.6158384251930635,-0.5066552840628717,0.8505317485662419,-0.41331326869757246,-0.14359163172354764,-0.06715342778730747,744,2025-11-21T14:08:22.907472,0
0.8273772438659699,0.14195547925143,-0.4888542575852486,-0.5609748304808925,0.8119223343984152,-0.5449249778098341,0.7376951317802901,-0.3075623426146228,0.6158384251930635,-0.5066552840628717,0.8505317485662419,-0.41331326869757246,-0.14359163172354764,-0.06715342778730747,745,2025-11-21T14:08:22.907472,1
-1.5661069258891576,3.0749575951061443,0.7811411367084872,0.6792945838081278,-1.2316448970959013,1.8351149988007642,0.7376951317802901,-0.3075623426146228,0.6158384251930635,-0.5066552840628717,-1.175735064194511,-0.41331326869757246,6.96419413859206,-0.06715342778730747,746,2025-11-21T14:08:22.907472,0
0.8273772438659699,-0.9861222576157678,-0.24069423801061057,0.6792945838081278,-1.2316448970959013,-0.5449249778098341,0.7376951317802901,-0.3075623426146228,0.6158384251930635,-0.5066552840628717,0.8505317485662419,-0.41331326869757246,-0.14359163172354764,-0.06715342778730747,747,2025-11-21T14:08:22.907472,0
-0.3693648410115938,0.06675029679361683,-0.3866707201133388,-0.5609748304808925,0.8119223343984152,-0.5449249778098341,-1.3555735383351195,-0.3075623426146228,0.6158384251930635,1.9737285516515173,-1.175735064194511,-0.41331326869757246,-0.14359163172354764,-0.06715342778730747,748,2025-11-21T14:08:22.907472,1
-1.5661069258891576,-0.7605067102423282,0.4207302360686478,0.059159876663617626,-1.2316448970959013,1.8351149988007642,0.7376951317802901,-0.3075623426146228,0.6158384251930635,-0.5066552840628717,0.8505317485662419,-0.41331326869757246,-0.14359163172354764,-0.06715342778730747,749,2025-11-21T14:08:22.907472,0
0.8273772438659699,0.14195547925143,-0.49237782784290063,-0.5609748304808925,0.8119223343984152,-0.5449249778098341,0.7376951317802901,3.2513733362117265,-1.6238025415294657,-0.5066552840628717,0.8505317485662419,-0.41331326869757246,-0.14359163172354764,-0.06715342778730747,750,2025-11-21T14:08:22.907472,0
-0.3693648410115938,-1.8885844471095259,-0.18532384824750675,0.6792945838081278,-1.2316448970959013,-0.5449249778098341,-1.3555735383351195,-0.3075623426146228,0.6158384251930635,1.9737285516515173,-1.175735064194511,-0.41331326869757246,-0.14359163172354764,-0.06715342778730747,751,2025-11-21T14:08:22.907472,1
0.8273772438659699,-1.7381740821938996,-0.397241430886295,0.059159876663617626,-1.2316448970959013,1.8351149988007642,0.7376951317802901,-0.3075623426146228,0.6158384251930635,-0.5066552840628717,-1.175735064194511,-0.41331326869757246,-0.14359163172354764,-0.06715342778730747,752,2025-11-21T14:08:22.907472,1
0.8273772438659699,0.29236584416705635,-0.45714212526638004,-0.5609748304808925,0.8119223343984152,-0.5449249778098341,0.7376951317802901,-0.3075623426146228,0.6158384251930635,-0.5066552840628717,0.8505317485662419,-0.41331326869757246,-0.14359163172354764,-0.06715342778730747,753,2025-11-21T14:08:22.907472,0
0.8273772438659699,-0.45968598041107545,-0.4894421904510968,-0.5609748304808925,0.8119223343984152,-0.5449249778098341,0.7376951317802901,-0.3075623426146228,0.6158384251930635,-0.5066552840628717,0.8505317485662419,-0.41331326869757246,-0.14359163172354764,-0.06715342778730747,754,2025-11-21T14:08:22.907472,0
-0.3693648410115938,1.4204435810342542,0.6603330135889879,1.299429290952638,-1.2316448970959013,-0.5449249778098341,-1.3555735383351195,-0.3075623426146228,0.6158384251930635,-0.5066552840628717,-1.175735064194511,2.4194722882988664,-0.14359163172354764,-0.06715342778730747,755,2025-11-21T14:08:22.907472,1
-0.3693648410115938,-2.139017704694044,-0.35646868933346404,0.6792945838081278,-1.2316448970959013,-0.5449249778098341,0.7376951317802901,-0.3075623426146228,0.6158384251930635,-0.5066552840628717,-1.175735064194511,-0.41331326869757246,-0.14359163172354764,-0.06715342778730747,756,2025-11-21T14:08:22.907472,1
0.8273772438659699,-0.08366006812200955,-0.49145565916975514,-0.5609748304808925,0.8119223343984152,-0.5449249778098341,0.7376951317802901,-0.3075623426146228,0.6158384251930635,-0.5066552840628717,0.8505317485662419,-0.41331326869757246,-0.14359163172354764,-0.06715342778730747,757,2025-11-21T14:08:22.907472,0
-0.3693648410115938,-0.8357118927001413,-0.41687275089321363,-0.5609748304808925,0.8119223343984152,-0.5449249778098341,0.7376951317802901,-0.3075623426146228,0.6158384251930635,-0.5066552840628717,0.8505317485662419,-0.41331326869757246,-0.14359163172354764,-0.06715342778730747,758,2025-11-21T14:08:22.907472,0
0.8273772438659699,0.36757102662486957,-0.4863374216869257,-0.5609748304808925,0.8119223343984152,-0.5449249778098341,0.7376951317802901,-0.3075623426146228,0.6158384251930635,-0.5066552840628717,0.8505317485662419,-0.41331326869757246,-0.14359163172354764,-0.06715342778730747,759,2025-11-21T14:08:22.907472,0
-1.5661069258891576,0.29236584416705635,1.093228788100527,-0.5609748304808925,0.8119223343984152,1.8351149988007642,-1.3555735383351195,-0.3075623426146228,0.6158384251930635,-0.5066552840628717,-1.175735064194511,2.4194722882988664,-0.14359163172354764,-0.06715342778730747,760,2025-11-21T14:08:22.907472,1
0.8273772438659699,-0.3092756154954491,-0.35646868933346404,-0.5609748304808925,0.8119223343984152,-0.5449249778098341,0.7376951317802901,-0.3075623426146228,0.6158384251930635,-0.5066552840628717,0.8505317485662419,-0.41331326869757246,-0.14359163172354764,-0.06715342778730747,761,2025-11-21T14:08:22.907472,0
0.8273772438659699,0.8940073038295618,-0.5049620073345151,-0.5609748304808925,0.8119223343984152,-0.5449249778098341,0.7376951317802901,-0.3075623426146228,0.6158384251930635,-0.5066552840628717,0.8505317485662419,-0.41331326869757246,-0.14359163172354764,-0.06715342778730747,762,2025-11-21T14:08:22.907472,0
0.8273772438659699,-0.685301527784515,-0.5028639729296732,-0.5609748304808925,0.8119223343984152,-0.5449249778098341,0.7376951317802901,-0.3075623426146228,-1.6238025415294657,-0.5066552840628717,0.8505317485662419,-0.41331326869757246,-0.14359163172354764,-0.06715342778730747,763,2025-11-21T14:08:22.907472,1
-1.5661069258891576,0.5179813915404959,1.7677408088510642,1.299429290952638,-1.2316448970959013,1.8351149988007642,-1.3555735383351195,-0.3075623426146228,0.6158384251930635,-0.5066552840628717,-1.175735064194511,2.4194722882988664,-0.14359163172354764,-0.06715342778730747,764,2025-11-21T14:08:22.907472,1
0.8273772438659699,-0.9861222576157678,-0.4918744606632361,-0.5609748304808925,0.8119223343984152,-0.5449249778098341,0.7376951317802901,-0.3075623426146228,0.6158384251930635,-0.5066552840628717,0.8505317485662419,-0.41331326869757246,-0.14359163172354764,-0.06715342778730747,765,2025-11-21T14:08:22.907472,0
-1.5661069258891576,1.6460591284076938,0.921244330558889,0.059159876663617626,-1.2316448970959013,1.8351149988007642,-1.3555735383351195,-0.3075623426146228,0.6158384251930635,-0.5066552840628717,-1.175735064194511,2.4194722882988664,-0.14359163172354764,-0.06715342778730747,766,2025-11-21T14:08:22.907472,1
-1.5661069258891576,0.8188021213717487,0.1489119590497745,-0.5609748304808925,0.8119223343984152,-0.5449249778098341,0.7376951317802901,-0.3075623426146228,-1.6238025415294657,-0.5066552840628717,-1.175735064194511,-0.41331326869757246,6.96419413859206,-0.06715342778730747,767,2025-11-21T14:08:22.907472,0
0.8273772438659699,0.1043528880225234,-0.49237782784290063,-0.5609748304808925,0.8119223343984152,-0.5449249778098341,-1.3555735383351195,3.2513733362117265,-1.6238025415294657,1.9737285516515173,-1.175735064194511,-0.41331326869757246,-0.14359163172354764,-0.06715342778730747,768,2025-11-21T14:08:22.907472,0
0.8273772438659699,-0.3092756154954491,-0.1621689579829361,0.059159876663617626,-1.2316448970959013,-0.5449249778098341,0.7376951317802901,3.2513733362117265,-1.6238025415294657,-0.5066552840628717,0.8505317485662419,-0.41331326869757246,-0.14359163172354764,-0.06715342778730747,769,2025-11-21T14:08:22.907472,0
0.8273772438659699,0.2171606617092432,-0.4800453319411184,-0.5609748304808925,0.8119223343984152,-0.5449249778098341,0.7376951317802901,-0.3075623426146228,0.6158384251930635,-0.5066552840628717,0.8505317485662419,-0.41331326869757246,-0.14359163172354764,-0.06715342778730747,770,2025-11-21T14:08:22.907472,0
0.8273772438659699,-0.3844807979532623,-0.45714212526638004,-0.5609748304808925,0.8119223343984152,-0.5449249778098341,0.7376951317802901,-0.3075623426146228,0.6158384251930635,-0.5066552840628717,0.8505317485662419,-0.41331326869757246,-0.14359163172354764,-0.06715342778730747,771,2025-11-21T14:08:22.907472,0
0.8273772438659699,1.4204435810342542,-0.4902797934380587,-0.5609748304808925,0.8119223343984152,-0.5449249778098341,0.7376951317802901,-0.3075623426146228,0.6158384251930635,-0.5066552840628717,0.8505317485662419,-0.41331326869757246,-0.14359163172354764,-0.06715342778730747,772,2025-11-21T14:08:22.907472,0
-0.3693648410115938,2.0972902231545727,-0.43700743807979686,-0.5609748304808925,0.8119223343984152,1.8351149988007642,-1.3555735383351195,-0.3075623426146228,0.6158384251930635,-0.5066552840628717,-1.175735064194511,2.4194722882988664,-0.14359163172354764,-0.06715342778730747,773,2025-11-21T14:08:22.907472,0
0.8273772438659699,-0.3092756154954491,-0.5029485386158568,-0.5609748304808925,0.8119223343984152,-0.5449249778098341,0.7376951317802901,-0.3075623426146228,-1.6238025415294657,-0.5066552840628717,0.8505317485662419,-0.41331326869757246,-0.14359163172354764,-0.06715342778730747,774,2025-11-21T14:08:22.907472,0
-0.3693648410115938,1.8716746757811333,-0.18532384824750675,1.9195639980971482,-1.2316448970959013,-0.5449249778098341,-1.3555735383351195,-0.3075623426146228,0.6158384251930635,-0.5066552840628717,-1.175735064194511,2.4194722882988664,-0.14359163172354764,-0.06715342778730747,775,2025-11-21T14:08:22.907472,1
0.8273772438659699,-0.8357118927001413,-0.49237782784290063,-0.5609748304808925,0.8119223343984152,-0.5449249778098341,0.7376951317802901,-0.3075623426146228,0.6158384251930635,-0.5066552840628717,0.8505317485662419,-0.41331326869757246,-0.14359163172354764,-0.06715342778730747,776,2025-11-21T14:08:22.907472,0
0.8273772438659699,-0.3092756154954491,-0.49237782784290063,-0.5609748304808925,0.8119223343984152,1.8351149988007642,0.7376951317802901,3.2513733362117265,-1.6238025415294657,-0.5066552840628717,0.8505317485662419,-0.41331326869757246,-0.14359163172354764,-0.06715342778730747,777,2025-11-21T14:08:22.907472,0
0.8273772438659699,-1.8133792646517128,-0.397241430886295,-0.5609748304808925,0.8119223343984152,-0.5449249778098341,-1.3555735383351195,-0.3075623426146228,0.6158384251930635,1.9737285516515173,-1.175735064194511,-0.41331326869757246,-0.14359163172354764,-0.06715342778730747,778,2025-11-21T14:08:22.907472,1
0.8273772438659699,-0.3092756154954491,-0.4926295114327329,-0.5609748304808925,0.8119223343984152,-0.5449249778098341,0.7376951317802901,3.2513733362117265,-1.6238025415294657,-0.5066552840628717,0.8505317485662419,-0.41331326869757246,-0.14359163172354764,-0.06715342778730747,779,2025-11-21T14:08:22.907472,0
-1.5661069258891576,1.0444176687451883,3.6067927997556075,0.059159876663617626,-1.2316448970959013,1.8351149988007642,-1.3555735383351195,-0.3075623426146228,0.6158384251930635,-0.5066552840628717,-1.175735064194511,2.4194722882988664,-0.14359163172354764,-0.06715342778730747,780,2025-11-21T14:08:22.907472,1
0.8273772438659699,-1.2117378049892074,-0.5028639729296732,-0.5609748304808925,0.8119223343984152,-0.5449249778098341,-1.3555735383351195,-0.3075623426146228,-1.6238025415294657,1.9737285516515173,-1.175735064194511,-0.41331326869757246,-0.14359163172354764,-0.06715342778730747,781,2025-11-21T14:08:22.907472,1
-1.5661069258891576,-0.9109170751579546,0.49925551609632224,0.059159876663617626,-1.2316448970959013,1.8351149988007642,-1.3555735383351195,-0.3075623426146228,0.6158384251930635,-0.5066552840628717,-1.175735064194511,2.4194722882988664,-0.14359163172354764,-0.06715342778730747,782,2025-11-21T14:08:22.907472,1
-1.5661069258891576,-0.008454885664196365,-0.04438103794142432,-0.5609748304808925,0.8119223343984152,1.8351149988007642,0.7376951317802901,-0.3075623426146228,0.6158384251930635,-0.5066552840628717,0.8505317485662419,-0.41331326869757246,-0.14359163172354764,-0.06715342778730747,783,2025-11-21T14:08:22.907472,0
0.8273772438659699,-0.3092756154954491,-0.17626323901354432,1.299429290952638,-1.2316448970959013,-0.5449249778098341,0.7376951317802901,-0.3075623426146228,0.6158384251930635,-0.5066552840628717,0.8505317485662419,-0.41331326869757246,-0.14359163172354764,-0.06715342778730747,784,2025-11-21T14:08:22.907472,0
0.8273772438659699,-0.3092756154954491,-0.5064721088735089,-0.5609748304808925,0.8119223343984152,-0.5449249778098341,0.7376951317802901,-0.3075623426146228,0.6158384251930635,-0.5066552840628717,0.8505317485662419,-0.41331326869757246,-0.14359163172354764,-0.06715342778730747,785,2025-11-21T14:08:22.907472,0
0.8273772438659699,-0.3092756154954491,-0.5024451714361923,-0.5609748304808925,0.8119223343984152,-0.5449249778098341,0.7376951317802901,-0.3075623426146228,0.6158384251930635,-0.5066552840628717,0.8505317485662419,-0.41331326869757246,-0.14359163172354764,-0.06715342778730747,786,2025-11-21T14:08:22.907472,0
0.8273772438659699,-0.8357118927001413,-0.4974960653257301,-0.5609748304808925,0.8119223343984152,-0.5449249778098341,-1.3555735383351195,-0.3075623426146228,0.6158384251930635,1.9737285516515173,-1.175735064194511,-0.41331326869757246,-0.14359163172354764,-0.06715342778730747,787,2025-11-21T14:08:22.907472,1
0.8273772438659699,-1.5877637172782733,-0.06199888922968463,2.5396987052416584,-1.2316448970959013,-0.5449249778098341,0.7376951317802901,3.2513733362117265,-1.6238025415294657,-0.5066552840628717,-1.175735064194511,-0.41331326869757246,-0.14359163172354764,-0.06715342778730747,788,2025-11-21T14:08:22.907472,0
0.8273772438659699,-2.1141999944829655,-0.23415046467497105,1.299429290952638,-1.2316448970959013,-0.5449249778098341,0.7376951317802901,-0.3075623426146228,0.6158384251930635,-0.5066552840628717,-1.175735064194511,-0.41331326869757246,-0.14359163172354764,-0.06715342778730747,789,2025-11-21T14:08:22.907472,1
-1.5661069258891576,1.2700332161186279,0.9462455716384695,-0.5609748304808925,0.8119223343984152,1.8351149988007642,0.7376951317802901,-0.3075623426146228,-1.6238025415294657,-0.5066552840628717,0.8505317485662419,-0.41331326869757246,-0.14359163172354764,-0.06715342778730747,790,2025-11-21T14:08:22.907472,0
0.8273772438659699,-0.3092756154954491,-0.49237782784290063,-0.5609748304808925,0.8119223343984152,-0.5449249778098341,0.7376951317802901,3.2513733362117265,-1.6238025415294657,-0.5066552840628717,0.8505317485662419,-0.41331326869757246,-0.14359163172354764,-0.06715342778730747,791,2025-11-21T14:08:22.907472,0
-0.3693648410115938,-0.9861222576157678,-0.12491978668775715,-0.5609748304808925,0.8119223343984152,-0.5449249778098341,0.7376951317802901,-0.3075623426146228,0.6158384251930635,-0.5066552840628717,0.8505317485662419,-0.41331326869757246,-0.14359163172354764,-0.06715342778730747,792,2025-11-21T14:08:22.907472,0
0.8273772438659699,-0.5724937540977952,0.7519458402879414,5.64037224096421,-1.2316448970959013,-0.5449249778098341,-1.3555735383351195,-0.3075623426146228,0.6158384251930635,1.9737285516515173,-1.175735064194511,-0.41331326869757246,-0.14359163172354764,-0.06715342778730747,793,2025-11-21T14:08:22.907472,0
-1.5661069258891576,0.8188021213717487,-0.030371322596999754,-0.5609748304808925,0.8119223343984152,-0.5449249778098341,0.7376951317802901,-0.3075623426146228,-1.6238025415294657,-0.5066552840628717,0.8505317485662419,-0.41331326869757246,-0.14359163172354764,-0.06715342778730747,794,2025-11-21T14:08:22.907472,0
0.8273772438659699,-0.3092756154954491,-0.4894421904510968,-0.5609748304808925,0.8119223343984152,-0.5449249778098341,0.7376951317802901,-0.3075623426146228,0.6158384251930635,-0.5066552840628717,0.8505317485662419,-0.41331326869757246,-0.14359163172354764,-0.06715342778730747,795,2025-11-21T14:08:22.907472,0
-0.3693648410115938,0.7435969389139355,-0.3866707201133388,-0.5609748304808925,0.8119223343984152,-0.5449249778098341,0.7376951317802901,-0.3075623426146228,0.6158384251930635,-0.5066552840628717,0.8505317485662419,-0.41331326869757246,-0.14359163172354764,-0.06715342778730747,796,2025-11-21T14:08:22.907472,0
-1.5661069258891576,1.4956487634920672,-0.1263453225405672,-0.5609748304808925,0.8119223343984152,1.8351149988007642,-1.3555735383351195,-0.3075623426146228,0.6158384251930635,-0.5066552840628717,-1.175735064194511,-0.41331326869757246,6.96419413859206,-0.06715342778730747,797,2025-11-21T14:08:22.907472,1
0.8273772438659699,0.14195547925143,-0.4735861242916626,-0.5609748304808925,0.8119223343984152,-0.5449249778098341,-1.3555735383351195,-0.3075623426146228,0.6158384251930635,-0.5066552840628717,-1.175735064194511,2.4194722882988664,-0.14359163172354764,-0.06715342778730747,798,2025-11-21T14:08:22.907472,1
0.8273772438659699,0.06675029679361683,-0.5028639729296732,-0.5609748304808925,0.8119223343984152,-0.5449249778098341,0.7376951317802901,-0.3075623426146228,-1.6238025415294657,-0.5066552840628717,0.8505317485662419,-0.41331326869757246,-0.14359163172354764,-0.06715342778730747,799,2025-11-21T14:08:22.907472,0
0.8273772438659699,0.06675029679361683,-0.1621689579829361,0.6792945838081278,-1.2316448970959013,-0.5449249778098341,-1.3555735383351195,-0.3075623426146228,0.6158384251930635,-0.5066552840628717,-1.175735064194511,2.4194722882988664,-0.14359163172354764,-0.06715342778730747,800,2025-11-21T14:08:22.907472,0
-0.3693648410115938,0.36757102662486957,-0.3866707201133388,-0.5609748304808925,0.8119223343984152,-0.5449249778098341,0.7376951317802901,-0.3075623426146228,0.6158384251930635,-0.5066552840628717,0.8505317485662419,-0.41331326869757246,-0.14359163172354764,-0.06715342778730747,801,2025-11-21T14:08:22.907472,0
-0.3693648410115938,0.14195547925143,-0.11988611489111134,0.6792945838081278,-1.2316448970959013,-0.5449249778098341,-1.3555735383351195,-0.3075623426146228,0.6158384251930635,-0.5066552840628717,-1.175735064194511,2.4194722882988664,-0.14359163172354764,-0.06715342778730747,802,2025-11-21T14:08:22.907472,1
-1.5661069258891576,-1.3621481699048337,1.7677408088510642,1.299429290952638,-1.2316448970959013,1.8351149988007642,0.7376951317802901,-0.3075623426146228,0.6158384251930635,-0.5066552840628717,-1.175735064194511,-0.41331326869757246,-0.14359163172354764,-0.06715342778730747,803,2025-11-21T14:08:22.907472,1
0.8273772438659699,-2.157819000308497,-0.47694056317694733,0.059159876663617626,-1.2316448970959013,-0.5449249778098341,0.7376951317802901,-0.3075623426146228,-1.6238025415294657,-0.5066552840628717,-1.175735064194511,-0.41331326869757246,-0.14359163172354764,-0.06715342778730747,804,2025-11-21T14:08:22.907472,1
0.8273772438659699,-0.15886525057982273,-0.5079822104125026,-0.5609748304808925,0.8119223343984152,-0.5449249778098341,0.7376951317802901,-0.3075623426146228,0.6158384251930635,-0.5066552840628717,0.8505317485662419,-0.41331326869757246,-0.14359163172354764,-0.06715342778730747,805,2025-11-21T14:08:22.907472,1
0.8273772438659699,0.14195547925143,-0.4918744606632361,-0.5609748304808925,0.8119223343984152,-0.5449249778098341,0.7376951317802901,-0.3075623426146228,0.6158384251930635,-0.5066552840628717,0.8505317485662419,-0.41331326869757246,-0.14359163172354764,-0.06715342778730747,806,2025-11-21T14:08:22.907472,0
-1.5661069258891576,0.7435969389139355,-0.6484216535389205,-0.5609748304808925,0.8119223343984152,1.8351149988007642,0.7376951317802901,-0.3075623426146228,0.6158384251930635,-0.5066552840628717,0.8505317485662419,-0.41331326869757246,-0.14359163172354764,-0.06715342778730747,807,2025-11-21T14:08:22.907472,0
0.8273772438659699,-0.8357118927001413,-0.4918744606632361,-0.5609748304808925,0.8119223343984152,-0.5449249778098341,-1.3555735383351195,-0.3075623426146228,0.6158384251930635,1.9737285516515173,-1.175735064194511,-0.41331326869757246,-0.14359163172354764,-0.06715342778730747,808,2025-11-21T14:08:22.907472,0
-0.3693648410115938,0.7435969389139355,-0.3866707201133388,-0.5609748304808925,0.8119223343984152,-0.5449249778098341,0.7376951317802901,-0.3075623426146228,0.6158384251930635,-0.5066552840628717,0.8505317485662419,-0.41331326869757246,-0.14359163172354764,-0.06715342778730747,809,2025-11-21T14:08:22.907472,0
-1.5661069258891576,0.29236584416705635,0.4207302360686478,0.059159876663617626,-1.2316448970959013,1.8351149988007642,-1.3555735383351195,-0.3075623426146228,0.6158384251930635,-0.5066552840628717,-1.175735064194511,2.4194722882988664,-0.14359163172354764,-0.06715342778730747,810,2025-11-21T14:08:22.907472,1
0.8273772438659699,-0.23407043303763592,-0.4896093083547455,-0.5609748304808925,0.8119223343984152,-0.5449249778098341,0.7376951317802901,-0.3075623426146228,0.6158384251930635,-0.5066552840628717,0.8505317485662419,-0.41331326869757246,-0.14359163172354764,-0.06715342778730747,811,2025-11-21T14:08:22.907472,0
0.8273772438659699,0.7435969389139355,-0.1621689579829361,-0.5609748304808925,0.8119223343984152,-0.5449249778098341,0.7376951317802901,-0.3075623426146228,0.6158384251930635,-0.5066552840628717,0.8505317485662419,-0.41331326869757246,-0.14359163172354764,-0.06715342778730747,812,2025-11-21T14:08:22.907472,0
-0.3693648410115938,0.4427762090826827,-0.43700743807979686,-0.5609748304808925,0.8119223343984152,-0.5449249778098341,0.7376951317802901,-0.3075623426146228,0.6158384251930635,-0.5066552840628717,0.8505317485662419,-0.41331326869757246,-0.14359163172354764,-0.06715342778730747,813,2025-11-21T14:08:22.907472,0
0.8273772438659699,-1.7381740821938996,-0.01870931177853076,3.1598334123861687,-1.2316448970959013,-0.5449249778098341,-1.3555735383351195,-0.3075623426146228,0.6158384251930635,1.9737285516515173,-1.175735064194511,-0.41331326869757246,-0.14359163172354764,-0.06715342778730747,814,2025-11-21T14:08:22.907472,0
0.8273772438659699,0.1043528880225234,-0.4863374216869257,-0.5609748304808925,0.8119223343984152,-0.5449249778098341,0.7376951317802901,-0.3075623426146228,0.6158384251930635,-0.5066552840628717,0.8505317485662419,-0.41331326869757246,-0.14359163172354764,-0.06715342778730747,815,2025-11-21T14:08:22.907472,0
-1.5661069258891576,0.8188021213717487,-0.6484216535389205,-0.5609748304808925,0.8119223343984152,1.8351149988007642,0.7376951317802901,-0.3075623426146228,0.6158384251930635,-0.5066552840628717,0.8505317485662419,-0.41331326869757246,-0.14359163172354764,-0.06715342778730747,816,2025-11-21T14:08:22.907472,0
0.8273772438659699,-0.45968598041107545,-0.4888542575852486,-0.5609748304808925,0.8119223343984152,-0.5449249778098341,-1.3555735383351195,-0.3075623426146228,0.6158384251930635,1.9737285516515173,-1.175735064194511,-0.41331326869757246,-0.14359163172354764,-0.06715342778730747,817,2025-11-21T14:08:22.907472,0
-0.3693648410115938,0.14195547925143,0.09664633805084172,0.6792945838081278,-1.2316448970959013,-0.5449249778098341,0.7376951317802901,-0.3075623426146228,-1.6238025415294657,-0.5066552840628717,0.8505317485662419,-0.41331326869757246,-0.14359163172354764,-0.06715342778730747,818,2025-11-21T14:08:22.907472,0
0.8273772438659699,1.0444176687451883,-0.5185529211854588,-0.5609748304808925,0.8119223343984152,-0.5449249778098341,0.7376951317802901,-0.3075623426146228,0.6158384251930635,-0.5066552840628717,0.8505317485662419,-0.41331326869757246,-0.14359163172354764,-0.06715342778730747,819,2025-11-21T14:08:22.907472,0
0.8273772438659699,-1.437353352362647,-0.08666388103324908,2.5396987052416584,-1.2316448970959013,-0.5449249778098341,0.7376951317802901,-0.3075623426146228,0.6158384251930635,-0.5066552840628717,-1.175735064194511,-0.41331326869757246,-0.14359163172354764,-0.06715342778730747,820,2025-11-21T14:08:22.907472,0
-1.5661069258891576,1.7212643108655068,1.2341715984066093,0.6792945838081278,-1.2316448970959013,1.8351149988007642,-1.3555735383351195,-0.3075623426146228,0.6158384251930635,-0.5066552840628717,-1.175735064194511,2.4194722882988664,-0.14359163172354764,-0.06715342778730747,821,2025-11-21T14:08:22.907472,1
0.8273772438659699,-0.15886525057982273,-0.47400492578514347,-0.5609748304808925,0.8119223343984152,-0.5449249778098341,0.7376951317802901,-0.3075623426146228,0.6158384251930635,-0.5066552840628717,0.8505317485662419,-0.41331326869757246,-0.14359163172354764,-0.06715342778730747,822,2025-11-21T14:08:22.907472,1
-1.5661069258891576,0.6683917564561223,-0.6484216535389205,-0.5609748304808925,0.8119223343984152,-0.5449249778098341,0.7376951317802901,-0.3075623426146228,0.6158384251930635,-0.5066552840628717,-1.175735064194511,-0.41331326869757246,-0.14359163172354764,14.891272611835431,823,2025-11-21T14:08:22.907472,0
0.8273772438659699,-0.15886525057982273,-0.397241430886295,0.059159876663617626,-1.2316448970959013,1.8351149988007642,-1.3555735383351195,-0.3075623426146228,0.6158384251930635,-0.5066552840628717,-1.175735064194511,2.4194722882988664,-0.14359163172354764,-0.06715342778730747,824,2025-11-21T14:08:22.907472,1
0.8273772438659699,-2.038994812025152,0.1506737441786005,2.5396987052416584,-1.2316448970959013,-0.5449249778098341,0.7376951317802901,-0.3075623426146228,0.6158384251930635,-0.5066552840628717,-1.175735064194511,-0.41331326869757246,-0.14359163172354764,-0.06715342778730747,825,2025-11-21T14:08:22.907472,0
0.8273772438659699,-0.3092756154954491,-0.5084855775921673,-0.5609748304808925,0.8119223343984152,-0.5449249778098341,0.7376951317802901,3.2513733362117265,-1.6238025415294657,-0.5066552840628717,0.8505317485662419,-0.41331326869757246,-0.14359163172354764,-0.06715342778730747,826,2025-11-21T14:08:22.907472,0
0.8273772438659699,-0.3092756154954491,0.48910360681684706,-0.5609748304808925,0.8119223343984152,-0.5449249778098341,0.7376951317802901,-0.3075623426146228,0.6158384251930635,-0.5066552840628717,0.8505317485662419,-0.41331326869757246,-0.14359163172354764,-0.06715342778730747,827,2025-11-21T14:08:22.907472,0
-0.3693648410115938,-2.1141999944829655,0.09664633805084172,0.6792945838081278,-1.2316448970959013,-0.5449249778098341,0.7376951317802901,-0.3075623426146228,-1.6238025415294657,-0.5066552840628717,-1.175735064194511,-0.41331326869757246,-0.14359163172354764,-0.06715342778730747,828,2025-11-21T14:08:22.907472,1
0.8273772438659699,-0.3092756154954491,-0.49237782784290063,-0.5609748304808925,0.8119223343984152,-0.5449249778098341,0.7376951317802901,3.2513733362117265,-1.6238025415294657,-0.5066552840628717,0.8505317485662419,-0.41331326869757246,-0.14359163172354764,-0.06715342778730747,829,2025-11-21T14:08:22.907472,1
-1.5661069258891576,2.4733161354436386,0.962353321387736,-0.5609748304808925,0.8119223343984152,1.8351149988007642,-1.3555735383351195,-0.3075623426146228,0.6158384251930635,-0.5066552840628717,-1.175735064194511,2.4194722882988664,-0.14359163172354764,-0.06715342778730747,830,2025-11-21T14:08:22.907472,1
0.8273772438659699,-1.061327440073581,-0.3573908580066095,0.059159876663617626,-1.2316448970959013,-0.5449249778098341,-1.3555735383351195,-0.3075623426146228,-1.6238025415294657,-0.5066552840628717,-1.175735064194511,2.4194722882988664,-0.14359163172354764,-0.06715342778730747,831,2025-11-21T14:08:22.907472,1
-0.3693648410115938,-2.126984875500794,-0.2708962687904854,0.6792945838081278,-1.2316448970959013,-0.5449249778098341,0.7376951317802901,-0.3075623426146228,0.6158384251930635,-0.5066552840628717,-1.175735064194511,-0.41331326869757246,-0.14359163172354764,-0.06715342778730747,832,2025-11-21T14:08:22.907472,1
0.8273772438659699,-0.3092756154954491,-0.5028639729296732,-0.5609748304808925,0.8119223343984152,-0.5449249778098341,0.7376951317802901,-0.3075623426146228,-1.6238025415294657,-0.5066552840628717,0.8505317485662419,-0.41331326869757246,-0.14359163172354764,-0.06715342778730747,833,2025-11-21T14:08:22.907472,0
0.8273772438659699,-0.45968598041107545,-0.4902797934380587,-0.5609748304808925,0.8119223343984152,-0.5449249778098341,0.7376951317802901,-0.3075623426146228,0.6158384251930635,-0.5066552840628717,0.8505317485662419,-0.41331326869757246,-0.14359163172354764,-0.06715342778730747,834,2025-11-21T14:08:22.907472,0
0.8273772438659699,-0.8357118927001413,-0.48130374989027985,-0.5609748304808925,0.8119223343984152,-0.5449249778098341,0.7376951317802901,-0.3075623426146228,0.6158384251930635,-0.5066552840628717,0.8505317485662419,-0.41331326869757246,-0.14359163172354764,-0.06715342778730747,835,2025-11-21T14:08:22.907472,0
-1.5661069258891576,0.7435969389139355,1.0259447039291216,0.6792945838081278,-1.2316448970959013,1.8351149988007642,-1.3555735383351195,-0.3075623426146228,-1.6238025415294657,1.9737285516515173,-1.175735064194511,-0.41331326869757246,-0.14359163172354764,-0.06715342778730747,836,2025-11-21T14:08:22.907472,1
0.8273772438659699,-0.6100963453267019,-0.47400492578514347,-0.5609748304808925,0.8119223343984152,-0.5449249778098341,0.7376951317802901,-0.3075623426146228,0.6158384251930635,-0.5066552840628717,0.8505317485662419,-0.41331326869757246,-0.14359163172354764,-0.06715342778730747,837,2025-11-21T14:08:22.907472,0
0.8273772438659699,-0.3092756154954491,-0.4863374216869257,-0.5609748304808925,0.8119223343984152,-0.5449249778098341,0.7376951317802901,-0.3075623426146228,0.6158384251930635,-0.5066552840628717,0.8505317485662419,-0.41331326869757246,-0.14359163172354764,-0.06715342778730747,838,2025-11-21T14:08:22.907472,0
0.8273772438659699,0.2171606617092432,0.48910360681684706,-0.5609748304808925,0.8119223343984152,-0.5449249778098341,0.7376951317802901,-0.3075623426146228,0.6158384251930635,-0.5066552840628717,0.8505317485662419,-0.41331326869757246,-0.14359163172354764,-0.06715342778730747,839,2025-11-21T14:08:22.907472,1
-1.5661069258891576,0.8188021213717487,-0.05042144409739929,-0.5609748304808925,0.8119223343984152,1.8351149988007642,0.7376951317802901,-0.3075623426146228,-1.6238025415294657,-0.5066552840628717,0.8505317485662419,-0.41331326869757246,-0.14359163172354764,-0.06715342778730747,840,2025-11-21T14:08:22.907472,1
0.8273772438659699,-0.685301527784515,-0.4888542575852486,-0.5609748304808925,0.8119223343984152,-0.5449249778098341,0.7376951317802901,-0.3075623426146228,0.6158384251930635,-0.5066552840628717,0.8505317485662419,-0.41331326869757246,-0.14359163172354764,-0.06715342778730747,841,2025-11-21T14:08:22.907472,0
-0.3693648410115938,-0.9861222576157678,-0.43700743807979686,-0.5609748304808925,0.8119223343984152,-0.5449249778098341,0.7376951317802901,-0.3075623426146228,0.6158384251930635,-0.5066552840628717,0.8505317485662419,-0.41331326869757246,-0.14359163172354764,-0.06715342778730747,842,2025-11-21T14:08:22.907472,0
-1.5661069258891576,0.06675029679361683,-0.024246350754841113,-0.5609748304808925,0.8119223343984152,-0.5449249778098341,-1.3555735383351195,-0.3075623426146228,-1.6238025415294657,1.9737285516515173,-1.175735064194511,-0.41331326869757246,-0.14359163172354764,-0.06715342778730747,843,2025-11-21T14:08:22.907472,1
0.8273772438659699,0.40517361785377615,-0.5188046047752911,-0.5609748304808925,0.8119223343984152,-0.5449249778098341,0.7376951317802901,-0.3075623426146228,-1.6238025415294657,-0.5066552840628717,0.8505317485662419,-0.41331326869757246,-0.14359163172354764,-0.06715342778730747,844,2025-11-21T14:08:22.907472,0
0.8273772438659699,-0.9109170751579546,-0.47400492578514347,-0.5609748304808925,0.8119223343984152,-0.5449249778098341,0.7376951317802901,-0.3075623426146228,0.6158384251930635,-0.5066552840628717,0.8505317485662419,-0.41331326869757246,-0.14359163172354764,-0.06715342778730747,845,2025-11-21T14:08:22.907472,0
0.8273772438659699,0.969212486287375,-0.49640476528021726,-0.5609748304808925,0.8119223343984152,-0.5449249778098341,0.7376951317802901,-0.3075623426146228,0.6158384251930635,-0.5066552840628717,0.8505317485662419,-0.41331326869757246,-0.14359163172354764,-0.06715342778730747,846,2025-11-21T14:08:22.907472,0
0.8273772438659699,-0.3092756154954491,0.7519458402879414,5.64037224096421,-1.2316448970959013,-0.5449249778098341,0.7376951317802901,-0.3075623426146228,0.6158384251930635,-0.5066552840628717,0.8505317485662419,-0.41331326869757246,-0.14359163172354764,-0.06715342778730747,847,2025-11-21T14:08:22.907472,0
0.8273772438659699,0.4427762090826827,-0.4894421904510968,-0.5609748304808925,0.8119223343984152,-0.5449249778098341,0.7376951317802901,-0.3075623426146228,-1.6238025415294657,-0.5066552840628717,0.8505317485662419,-0.41331326869757246,-0.14359163172354764,-0.06715342778730747,848,2025-11-21T14:08:22.907472,0
-0.3693648410115938,-0.08366006812200955,0.016023023618325298,0.059159876663617626,-1.2316448970959013,-0.5449249778098341,0.7376951317802901,-0.3075623426146228,0.6158384251930635,-0.5066552840628717,-1.175735064194511,-0.41331326869757246,6.96419413859206,-0.06715342778730747,849,2025-11-21T14:08:22.907472,0
-1.5661069258891576,0.4427762090826827,1.145663540471827,0.059159876663617626,-1.2316448970959013,1.8351149988007642,-1.3555735383351195,-0.3075623426146228,-1.6238025415294657,-0.5066552840628717,-1.175735064194511,2.4194722882988664,-0.14359163172354764,-0.06715342778730747,850,2025-11-21T14:08:22.907472,1
0.8273772438659699,-1.8885844471095259,-0.01870931177853076,3.1598334123861687,-1.2316448970959013,-0.5449249778098341,0.7376951317802901,-0.3075623426146228,0.6158384251930635,-0.5066552840628717,-1.175735064194511,-0.41331326869757246,-0.14359163172354764,-0.06715342778730747,851,2025-11-21T14:08:22.907472,0
0.8273772438659699,3.375778324937397,-0.4918744606632361,-0.5609748304808925,0.8119223343984152,-0.5449249778098341,0.7376951317802901,-0.3075623426146228,0.6158384251930635,-0.5066552840628717,0.8505317485662419,-0.41331326869757246,-0.14359163172354764,-0.06715342778730747,852,2025-11-21T14:08:22.907472,0
0.8273772438659699,-1.51255853482046,-0.3414522396297103,0.6792945838081278,-1.2316448970959013,-0.5449249778098341,-1.3555735383351195,-0.3075623426146228,-1.6238025415294657,1.9737285516515173,-1.175735064194511,-0.41331326869757246,-0.14359163172354764,-0.06715342778730747,853,2025-11-21T14:08:22.907472,0
-1.5661069258891576,-0.9861222576157678,0.14488502161245778,0.059159876663617626,-1.2316448970959013,1.8351149988007642,-1.3555735383351195,-0.3075623426146228,0.6158384251930635,1.9737285516515173,-1.175735064194511,-0.41331326869757246,-0.14359163172354764,-0.06715342778730747,854,2025-11-21T14:08:22.907472,1
-0.3693648410115938,1.1196228512030013,-0.12491978668775715,0.059159876663617626,-1.2316448970959013,-0.5449249778098341,-1.3555735383351195,-0.3075623426146228,0.6158384251930635,-0.5066552840628717,-1.175735064194511,2.4194722882988664,-0.14359163172354764,-0.06715342778730747,855,2025-11-21T14:08:22.907472,0
0.8273772438659699,-0.8357118927001413,-0.4601623283443675,0.059159876663617626,-1.2316448970959013,-0.5449249778098341,-1.3555735383351195,-0.3075623426146228,0.6158384251930635,-0.5066552840628717,-1.175735064194511,2.4194722882988664,-0.14359163172354764,-0.06715342778730747,856,2025-11-21T14:08:22.907472,1
-1.5661069258891576,1.1948280336608146,2.671117778445337,0.6792945838081278,-1.2316448970959013,-0.5449249778098341,-1.3555735383351195,-0.3075623426146228,0.6158384251930635,-0.5066552840628717,-1.175735064194511,2.4194722882988664,-0.14359163172354764,-0.06715342778730747,857,2025-11-21T14:08:22.907472,1
-1.5661069258891576,1.6460591284076938,-0.11384570873513637,-0.5609748304808925,0.8119223343984152,1.8351149988007642,0.7376951317802901,-0.3075623426146228,0.6158384251930635,-0.5066552840628717,0.8505317485662419,-0.41331326869757246,-0.14359163172354764,-0.06715342778730747,858,2025-11-21T14:08:22.907472,1
0.8273772438659699,-0.3844807979532623,-0.26066180729354516,1.299429290952638,-1.2316448970959013,-0.5449249778098341,-1.3555735383351195,-0.3075623426146228,-1.6238025415294657,-0.5066552840628717,-1.175735064194511,2.4194722882988664,-0.14359163172354764,-0.06715342778730747,859,2025-11-21T14:08:22.907472,1
0.8273772438659699,-0.3092756154954491,-0.5028639729296732,-0.5609748304808925,0.8119223343984152,-0.5449249778098341,0.7376951317802901,-0.3075623426146228,-1.6238025415294657,-0.5066552840628717,0.8505317485662419,-0.41331326869757246,-0.14359163172354764,-0.06715342778730747,860,2025-11-21T14:08:22.907472,0
0.8273772438659699,0.8940073038295618,-0.36435544630444866,0.6792945838081278,-1.2316448970959013,-0.5449249778098341,0.7376951317802901,-0.3075623426146228,0.6158384251930635,-0.5066552840628717,0.8505317485662419,-0.41331326869757246,-0.14359163172354764,-0.06715342778730747,861,2025-11-21T14:08:22.907472,0
-0.3693648410115938,-0.6100963453267019,-0.41687275089321363,0.059159876663617626,-1.2316448970959013,-0.5449249778098341,0.7376951317802901,-0.3075623426146228,0.6158384251930635,-0.5066552840628717,0.8505317485662419,-0.41331326869757246,-0.14359163172354764,-0.06715342778730747,862,2025-11-21T14:08:22.907472,0
-1.5661069258891576,1.4204435810342542,-0.1263453225405672,-0.5609748304808925,0.8119223343984152,1.8351149988007642,-1.3555735383351195,-0.3075623426146228,0.6158384251930635,-0.5066552840628717,-1.175735064194511,2.4194722882988664,-0.14359163172354764,-0.06715342778730747,863,2025-11-21T14:08:22.907472,1
0.8273772438659699,-0.5724937540977952,0.7519458402879414,5.64037224096421,-1.2316448970959013,-0.5449249778098341,-1.3555735383351195,-0.3075623426146228,0.6158384251930635,1.9737285516515173,-1.175735064194511,-0.41331326869757246,-0.14359163172354764,-0.06715342778730747,864,2025-11-21T14:08:22.907472,0
-0.3693648410115938,-0.3844807979532623,-0.3866707201133388,-0.5609748304808925,0.8119223343984152,-0.5449249778098341,0.7376951317802901,-0.3075623426146228,0.6158384251930635,-0.5066552840628717,0.8505317485662419,-0.41331326869757246,-0.14359163172354764,-0.06715342778730747,865,2025-11-21T14:08:22.907472,0
-0.3693648410115938,0.969212486287375,-0.3866707201133388,-0.5609748304808925,0.8119223343984152,-0.5449249778098341,-1.3555735383351195,-0.3075623426146228,0.6158384251930635,-0.5066552840628717,-1.175735064194511,2.4194722882988664,-0.14359163172354764,-0.06715342778730747,866,2025-11-21T14:08:22.907472,1
-0.3693648410115938,-0.15886525057982273,-0.3693891181010945,0.059159876663617626,-1.2316448970959013,-0.5449249778098341,-1.3555735383351195,-0.3075623426146228,-1.6238025415294657,1.9737285516515173,-1.175735064194511,-0.41331326869757246,-0.14359163172354764,-0.06715342778730747,867,2025-11-21T14:08:22.907472,1
-1.5661069258891576,0.14195547925143,0.3682954836973478,-0.5609748304808925,0.8119223343984152,1.8351149988007642,0.7376951317802901,-0.3075623426146228,0.6158384251930635,-0.5066552840628717,0.8505317485662419,-0.41331326869757246,-0.14359163172354764,-0.06715342778730747,868,2025-11-21T14:08:22.907472,0
0.8273772438659699,-0.3092756154954491,-0.45714212526638004,-0.5609748304808925,0.8119223343984152,-0.5449249778098341,0.7376951317802901,-0.3075623426146228,0.6158384251930635,-0.5066552840628717,0.8505317485662419,-0.41331326869757246,-0.14359163172354764,-0.06715342778730747,869,2025-11-21T14:08:22.907472,0
0.8273772438659699,-1.8885844471095259,-0.4242561406845337,0.6792945838081278,-1.2316448970959013,-0.5449249778098341,0.7376951317802901,-0.3075623426146228,0.6158384251930635,-0.5066552840628717,-1.175735064194511,-0.41331326869757246,-0.14359163172354764,-0.06715342778730747,870,2025-11-21T14:08:22.907472,1
0.8273772438659699,-0.23407043303763592,-0.4894421904510968,-0.5609748304808925,0.8119223343984152,-0.5449249778098341,0.7376951317802901,-0.3075623426146228,0.6158384251930635,-0.5066552840628717,0.8505317485662419,-0.41331326869757246,-0.14359163172354764,-0.06715342778730747,871,2025-11-21T14:08:22.907472,0
-1.5661069258891576,1.345238398576441,0.40974072380221066,0.6792945838081278,-1.2316448970959013,1.8351149988007642,-1.3555735383351195,-0.3075623426146228,0.6158384251930635,-0.5066552840628717,-1.175735064194511,2.4194722882988664,-0.14359163172354764,-0.06715342778730747,872,2025-11-21T14:08:22.907472,1
-1.5661069258891576,0.29236584416705635,-0.5477482176060045,-0.5609748304808925,0.8119223343984152,1.8351149988007642,0.7376951317802901,-0.3075623426146228,0.6158384251930635,-0.5066552840628717,0.8505317485662419,-0.41331326869757246,-0.14359163172354764,-0.06715342778730747,873,2025-11-21T14:08:22.907472,0
0.8273772438659699,1.345238398576441,-0.46720946885967163,-0.5609748304808925,0.8119223343984152,-0.5449249778098341,0.7376951317802901,-0.3075623426146228,0.6158384251930635,-0.5066552840628717,0.8505317485662419,-0.41331326869757246,-0.14359163172354764,-0.06715342778730747,874,2025-11-21T14:08:22.907472,0
-0.3693648410115938,-0.08366006812200955,-0.16518916106092355,0.059159876663617626,-1.2316448970959013,-0.5449249778098341,-1.3555735383351195,-0.3075623426146228,-1.6238025415294657,-0.5066552840628717,-1.175735064194511,2.4194722882988664,-0.14359163172354764,-0.06715342778730747,875,2025-11-21T14:08:22.907472,1
0.8273772438659699,-1.061327440073581,-0.5029485386158568,-0.5609748304808925,0.8119223343984152,-0.5449249778098341,-1.3555735383351195,-0.3075623426146228,-1.6238025415294657,1.9737285516515173,-1.175735064194511,-0.41331326869757246,-0.14359163172354764,-0.06715342778730747,876,2025-11-21T14:08:22.907472,1
0.8273772438659699,-0.685301527784515,-0.45017955043725955,-0.5609748304808925,0.8119223343984152,-0.5449249778098341,0.7376951317802901,-0.3075623426146228,0.6158384251930635,-0.5066552840628717,0.8505317485662419,-0.41331326869757246,-0.14359163172354764,-0.06715342778730747,877,2025-11-21T14:08:22.907472,0
0.8273772438659699,-0.7605067102423282,-0.4894421904510968,-0.5609748304808925,0.8119223343984152,-0.5449249778098341,0.7376951317802901,-0.3075623426146228,0.6158384251930635,-0.5066552840628717,0.8505317485662419,-0.41331326869757246,-0.14359163172354764,-0.06715342778730747,878,2025-11-21T14:08:22.907472,0
0.8273772438659699,-0.3092756154954491,-0.4894421904510968,-0.5609748304808925,0.8119223343984152,-0.5449249778098341,0.7376951317802901,-0.3075623426146228,0.6158384251930635,-0.5066552840628717,0.8505317485662419,-0.41331326869757246,-0.14359163172354764,-0.06715342778730747,879,2025-11-21T14:08:22.907472,0
-1.5661069258891576,2.0220850406967594,1.0259447039291216,0.059159876663617626,-1.2316448970959013,1.8351149988007642,-1.3555735383351195,-0.3075623426146228,-1.6238025415294657,-0.5066552840628717,-1.175735064194511,2.4194722882988664,-0.14359163172354764,-0.06715342778730747,880,2025-11-21T14:08:22.907472,1
-0.3693648410115938,-0.3092756154954491,-0.12491978668775715,0.059159876663617626,-1.2316448970959013,-0.5449249778098341,-1.3555735383351195,-0.3075623426146228,0.6158384251930635,-0.5066552840628717,-1.175735064194511,2.4194722882988664,-0.14359163172354764,-0.06715342778730747,881,2025-11-21T14:08:22.907472,1
0.8273772438659699,0.29236584416705635,-0.4894421904510968,-0.5609748304808925,0.8119223343984152,-0.5449249778098341,0.7376951317802901,-0.3075623426146228,0.6158384251930635,-0.5066552840628717,0.8505317485662419,-0.41331326869757246,-0.14359163172354764,-0.06715342778730747,882,2025-11-21T14:08:22.907472,0
0.8273772438659699,-0.5348911628688886,-0.4366711888037809,-0.5609748304808925,0.8119223343984152,-0.5449249778098341,-1.3555735383351195,-0.3075623426146228,0.6158384251930635,1.9737285516515173,-1.175735064194511,-0.41331326869757246,-0.14359163172354764,-0.06715342778730747,883,2025-11-21T14:08:22.907472,0
-0.3693648410115938,-0.08366006812200955,-0.43700743807979686,-0.5609748304808925,0.8119223343984152,-0.5449249778098341,0.7376951317802901,-0.3075623426146228,0.6158384251930635,-0.5066552840628717,0.8505317485662419,-0.41331326869757246,-0.14359163172354764,-0.06715342778730747,884,2025-11-21T14:08:22.907472,0
0.8273772438659699,-0.3092756154954491,-0.5064721088735089,-0.5609748304808925,0.8119223343984152,-0.5449249778098341,0.7376951317802901,-0.3075623426146228,0.6158384251930635,-0.5066552840628717,0.8505317485662419,-0.41331326869757246,-0.14359163172354764,-0.06715342778730747,885,2025-11-21T14:08:22.907472,0
0.8273772438659699,0.7435969389139355,-0.06199888922968463,2.5396987052416584,-1.2316448970959013,-0.5449249778098341,-1.3555735383351195,3.2513733362117265,-1.6238025415294657,-0.5066552840628717,-1.175735064194511,2.4194722882988664,-0.14359163172354764,-0.06715342778730747,886,2025-11-21T14:08:22.907472,0
-0.3693648410115938,-0.15886525057982273,-0.3866707201133388,-0.5609748304808925,0.8119223343984152,-0.5449249778098341,0.7376951317802901,-0.3075623426146228,0.6158384251930635,-0.5066552840628717,-1.175735064194511,-0.41331326869757246,6.96419413859206,-0.06715342778730747,887,2025-11-21T14:08:22.907472,0
-1.5661069258891576,-0.7605067102423282,-0.04438103794142432,-0.5609748304808925,0.8119223343984152,1.8351149988007642,-1.3555735383351195,-0.3075623426146228,0.6158384251930635,1.9737285516515173,-1.175735064194511,-0.41331326869757246,-0.14359163172354764,-0.06715342778730747,888,2025-11-21T14:08:22.907472,1
0.8273772438659699,-0.5724937540977952,-0.17626323901354432,1.299429290952638,-1.2316448970959013,-0.5449249778098341,-1.3555735383351195,-0.3075623426146228,0.6158384251930635,1.9737285516515173,-1.175735064194511,-0.41331326869757246,-0.14359163172354764,-0.06715342778730747,889,2025-11-21T14:08:22.907472,0
-1.5661069258891576,-0.23407043303763592,-0.04438103794142432,-0.5609748304808925,0.8119223343984152,1.8351149988007642,0.7376951317802901,-0.3075623426146228,-1.6238025415294657,-0.5066552840628717,0.8505317485662419,-0.41331326869757246,-0.14359163172354764,-0.06715342778730747,890,2025-11-21T14:08:22.907472,1
0.8273772438659699,0.2171606617092432,-0.49237782784290063,-0.5609748304808925,0.8119223343984152,-0.5449249778098341,0.7376951317802901,3.2513733362117265,-1.6238025415294657,-0.5066552840628717,0.8505317485662419,-0.41331326869757246,-0.14359163172354764,-0.06715342778730747,891,2025-11-21T14:08:22.907472,0
